	GO:0000086	GO:0000381	GO:0000724	GO:0001578	GO:0001649	GO:0001654	GO:0001666	GO:0001837	GO:0001938	GO:0006325	GO:0006400	GO:0006402	GO:0006487	GO:0006493	GO:0006631	GO:0006693	GO:0006813	GO:0006879	GO:0006888	GO:0007189	GO:0007283	GO:0007399	GO:0007601	GO:0007605	GO:0008202	GO:0008584	GO:0010506	GO:0016236	GO:0031297	GO:0031398	GO:0034341	GO:0035987	GO:0042476	GO:0042593	GO:0042632	GO:0043488	GO:0045089	GO:0045787	GO:0045814	GO:0046034	GO:0050679	GO:0050680	GO:0050731	GO:0050796	GO:0050890	GO:0051310	GO:0051865	GO:0060828	GO:0061844	GO:0070555	GO:0090303	GO:0097190	GO:0097191	GO:1901224	GO:2000781	GO:2001244
GENEPT-MODEL3	0.9761904761904762	1.0	1.0	0.9926470588235294	0.5970695970695971	0.9304511278195489	0.7861591695501731	0.9461538461538461	0.8551136363636365	0.9109337589784517	1.0	0.9861111111111112	0.8802083333333334	1.0	0.985907222548444	1.0	1.0	0.9785714285714285	0.9836956521739131	0.973922902494331	0.8521341463414634	0.8031474103585657	0.9846153846153847	0.8177083333333334	0.9252364066193853	1.0	0.9065643863179075	0.9852813852813853	0.9702380952380952	0.9201388888888888	0.9409722222222222	1.0	1.0	0.75	1.0	0.9918032786885246	0.9619788608338227	0.8650793650793651	0.8366477272727273	0.9565217391304348	0.8249246987951807	0.7847222222222222	0.9036885245901639	0.9203125000000001	0.8115942028985508	0.9807692307692308	0.9940476190476191	0.9118932038834952	0.9906759906759907	0.8687943262411348	0.9505208333333334	0.94	0.9661458333333334	0.9848484848484849	0.81875	0.946938775510204
BIOCONCEPTVEC-FASTTEXT	0.9345238095238095	0.993103448275862	0.9892156862745098	0.9607843137254902	0.7692307692307692	0.7951127819548872	0.829757785467128	0.7923076923076923	0.8565340909090909	0.8761372705506784	0.9723837209302325	0.986111111111111	0.9505208333333334	0.8857142857142858	0.9884028185554903	1.0	0.9821428571428572	0.9642857142857143	0.9402173913043479	0.9931972789115646	0.850609756097561	0.771195219123506	0.9076923076923078	0.9270833333333333	0.9556737588652482	0.9375	0.8499748490945674	0.945021645021645	0.9583333333333334	0.8180555555555555	0.9699074074074074	0.996	0.984	0.90625	1.0	0.9112021857923498	0.8750733998825602	0.8237847222222222	0.8323863636363636	0.9456521739130435	0.853539156626506	0.8472222222222221	0.8456284153005464	0.8546875	0.7946859903381643	0.976923076923077	0.9623015873015872	0.9189320388349513	0.9615384615384616	0.9420803782505911	0.90625	0.90375	0.9609375	0.803030303030303	0.86875	0.889795918367347
BIOCONCEPTVEC-SKIP-GRAM	0.9107142857142858	0.993103448275862	0.9852941176470589	0.9607843137254901	0.6355311355311355	0.8289473684210527	0.7958477508650518	0.8461538461538461	0.8863636363636365	0.8610534716679968	0.9520348837209303	0.9940476190476191	0.9166666666666667	0.8653061224489795	0.9963300058719906	1.0	0.9761904761904763	0.9714285714285714	0.9076086956521738	0.9988662131519275	0.7301829268292682	0.7658565737051792	0.9307692307692308	0.9348958333333334	0.9385342789598109	0.9249999999999999	0.8509808853118711	0.9380952380952382	0.9107142857142856	0.8819444444444444	0.9502314814814815	0.98	0.992	0.9635416666666667	1.0	0.8934426229508196	0.8681738109219025	0.7997271825396826	0.8153409090909092	0.967391304347826	0.8283132530120481	0.8541666666666667	0.837431693989071	0.8578125	0.7958937198067633	0.9759615384615384	0.9503968253968255	0.9228155339805825	0.9364801864801865	0.9550827423167849	0.9270833333333333	0.90825	0.9453125	0.8282828282828283	0.9140625	0.8877551020408163
GENEPT-ADA	0.9404761904761906	0.9275862068965517	0.9676470588235294	0.9411764705882353	0.5805860805860805	0.9022556390977443	0.8089965397923875	0.8307692307692307	0.7982954545454546	0.871827613727055	0.997093023255814	0.8313492063492064	0.9244791666666667	1.0	0.9641808573106283	1.0	0.9993386243386244	0.9464285714285714	0.9130434782608695	0.9614512471655329	0.9527439024390245	0.801593625498008	1.0	0.8020833333333334	0.9110520094562646	0.9874999999999999	0.8337525150905433	0.9298701298701298	0.9285714285714286	0.8215277777777779	0.8379629629629629	1.0	0.972	0.7682291666666666	0.9964285714285713	0.9556010928961748	0.8868173810921903	0.7700892857142857	0.8196022727272727	0.7771739130434784	0.7624246987951807	0.78125	0.9139344262295082	0.85	0.8707729468599034	0.95	0.9821428571428572	0.9014563106796116	0.9935897435897436	0.900709219858156	0.9505208333333333	0.94325	0.953125	0.9848484848484849	0.7000000000000001	0.8387755102040816
BIOCONCEPTVEC-CBOW	0.9523809523809523	0.993103448275862	0.9647058823529411	0.9852941176470588	0.7417582417582418	0.8082706766917294	0.7965397923875434	0.7846153846153846	0.7798295454545454	0.8867517956903432	0.816860465116279	0.9900793650793651	0.9895833333333334	0.9673469387755103	0.9793012331180271	1.0	0.9391534391534391	0.9964285714285713	0.9456521739130435	0.9829931972789115	0.8399390243902439	0.7737450199203186	0.9076923076923077	0.7239583333333334	0.9615839243498817	0.94375	0.8119969818913481	0.9341991341991341	0.9166666666666667	0.9215277777777777	0.9131944444444444	0.984	0.98	0.9505208333333334	1.0	0.9248633879781419	0.8815325895478567	0.7803819444444444	0.7911931818181819	0.8532608695652174	0.7948042168674699	0.8078703703703703	0.8312841530054644	0.80625	0.7741545893719808	0.9346153846153846	0.9444444444444444	0.8703883495145631	0.9632867132867133	0.8747044917257683	0.8802083333333334	0.893	0.9661458333333334	0.8813131313131313	0.7578125	0.8877551020408163
MASHUP	0.988095238095238	0.9896551724137931	0.9803921568627452	0.9583333333333334	0.641025641025641	0.9041353383458647	0.8387543252595155	0.7346153846153846	0.6690340909090909	0.9007182761372705	0.997093023255814	0.9821428571428571	1.0	0.9918367346938776	0.9853200234879624	0.9659090909090909	0.9841269841269842	0.9785714285714286	0.7771739130434783	0.9897959183673469	0.7210365853658537	0.754820717131474	0.9500000000000001	0.8177083333333334	0.9293735224586289	0.96875	0.8091046277665996	0.9632034632034632	0.8452380952380952	0.8965277777777778	0.9305555555555556	1.0	0.9079999999999999	0.6666666666666667	0.9928571428571429	0.9624316939890709	0.8810921902524956	0.7726934523809523	0.7982954545454546	0.8260869565217391	0.802710843373494	0.8668981481481481	0.8913934426229507	0.8578125	0.8695652173913043	0.9625	0.9722222222222222	0.8325242718446603	0.9696969696969697	0.776595744680851	0.9479166666666667	0.8985	0.984375	0.76010101010101	0.9343750000000001	0.9428571428571428
T5	0.8392857142857143	0.9827586206896551	0.9774509803921569	0.9583333333333334	0.652014652014652	0.731203007518797	0.7633217993079584	0.8384615384615385	0.6022727272727272	0.8410215482841181	0.9811046511627907	0.876984126984127	0.8359375	1.0	0.9797416324133882	0.9829545454545455	0.9728835978835978	0.9642857142857143	0.891304347826087	1.0	0.6798780487804879	0.7278884462151395	0.9884615384615385	0.7760416666666666	0.9326241134751773	0.99375	0.7662223340040242	0.9264069264069263	0.880952380952381	0.7958333333333333	0.6875	1.0	0.9119999999999999	0.3125	0.9642857142857143	0.8845628415300546	0.786699941280094	0.7420634920634921	0.8196022727272726	0.8206521739130435	0.7522590361445783	0.7824074074074074	0.8920765027322405	0.8218749999999999	0.6231884057971014	0.9317307692307693	0.9841269841269842	0.8308252427184466	0.9912587412587412	0.7127659574468085	0.9036458333333334	0.83575	0.8307291666666667	0.7575757575757576	0.8453125	0.7653061224489796
ESM2	0.9166666666666667	0.9551724137931034	0.9745098039215687	0.9411764705882353	0.7527472527472527	0.7218045112781954	0.7024221453287197	0.8346153846153845	0.5767045454545454	0.8717478052673584	1.0	0.8630952380952381	0.8880208333333334	0.9979591836734695	0.9942748091603053	0.9886363636363636	0.9867724867724867	0.8964285714285715	0.875	1.0	0.5152439024390244	0.7083266932270916	0.9923076923076922	0.78125	0.932919621749409	0.8187500000000001	0.7292505030181086	0.912987012987013	0.8035714285714286	0.8111111111111111	0.861111111111111	1.0	0.96	0.48958333333333337	0.9142857142857143	0.9474043715846995	0.8831473869641808	0.7669890873015873	0.8267045454545454	0.8315217391304348	0.7432228915662652	0.6550925925925926	0.8927595628415301	0.5359375	0.5555555555555556	0.9105769230769232	0.9861111111111112	0.8133495145631068	0.9988344988344988	0.7482269503546098	0.9088541666666667	0.8037500000000001	0.8541666666666666	0.8232323232323232	0.8078125	0.8265306122448979
ESMB1	0.8630952380952381	0.9551724137931035	0.9813725490196079	0.9730392156862745	0.7728937728937729	0.7857142857142857	0.7214532871972318	0.7730769230769231	0.6178977272727273	0.8541101356743814	0.9811046511627908	0.8809523809523809	0.8697916666666666	1.0	0.996917204932472	0.9375	0.9927248677248677	0.9107142857142858	0.9239130434782609	1.0	0.5945121951219512	0.7049800796812749	0.926923076923077	0.65625	0.92080378250591	0.9125	0.7839537223340041	0.9004329004329004	0.9226190476190477	0.85	0.8530092592592592	1.0	0.944	0.4661458333333333	0.8464285714285714	0.9836065573770492	0.8810921902524956	0.7501240079365079	0.8451704545454546	0.8043478260869565	0.7387048192771084	0.7037037037037037	0.866120218579235	0.565625	0.644927536231884	0.9240384615384616	0.996031746031746	0.8383495145631068	0.9836829836829837	0.6843971631205674	0.7447916666666667	0.8282499999999999	0.8020833333333334	0.8358585858585857	0.765625	0.8265306122448979
MUT2VEC	0.9047619047619049	0.7862068965517243	0.9049019607843137	0.838235294117647	0.6904761904761905	0.6560150375939849	0.7923875432525951	0.7230769230769231	0.7585227272727273	0.7948922585794095	0.7950581395348837	0.7003968253968254	0.8098958333333334	0.7489795918367347	0.9302701115678216	0.9943181818181819	0.8888888888888888	0.8178571428571428	0.5869565217391305	0.8775510204081632	0.5518292682926829	0.7405577689243027	0.9346153846153846	0.6744791666666666	0.9370567375886525	0.95	0.7302565392354124	0.9212121212121211	0.761904761904762	0.7652777777777776	0.9340277777777778	0.92	1.0	0.8671875	0.9821428571428571	0.7206284153005464	0.8705226071638285	0.7862103174603174	0.7883522727272727	0.8260869565217391	0.7835090361445783	0.7847222222222222	0.7670765027322405	0.8328125	0.8236714975845412	0.9230769230769231	0.7718253968253967	0.8730582524271845	0.9149184149184149	0.83451536643026	0.9296875	0.9005	0.9713541666666667	0.6666666666666666	0.778125	0.9204081632653061
NODE2VEC	0.880952380952381	0.9689655172413794	0.8980392156862745	0.7450980392156863	0.6556776556776556	0.7086466165413534	0.6387543252595156	0.8269230769230769	0.6079545454545454	0.8952913008778931	0.9040697674418605	0.8412698412698412	0.8255208333333335	0.7673469387755102	0.8211978860833823	0.9715909090909091	0.962962962962963	0.8142857142857143	0.9293478260869565	0.9965986394557823	0.5411585365853658	0.6376494023904381	0.9269230769230768	0.6666666666666666	0.908096926713948	0.925	0.811745472837022	0.9112554112554112	0.9761904761904763	0.8923611111111112	0.693287037037037	0.996	0.792	0.8151041666666666	0.8821428571428571	0.9405737704918032	0.8615678214914856	0.7077132936507936	0.8991477272727273	0.7989130434782609	0.6524849397590361	0.7106481481481481	0.8927595628415301	0.64375	0.7198067632850241	0.9278846153846154	0.9424603174603174	0.7614077669902914	0.8216783216783217	0.6264775413711584	0.8515625	0.8160000000000001	0.9375	0.6868686868686869	0.9421875	0.946938775510204
ALBERT	0.5595238095238095	0.9827586206896551	0.8950980392156863	0.9240196078431373	0.8241758241758241	0.8157894736842106	0.6266435986159169	0.926923076923077	0.5383522727272727	0.7934557063048683	0.8938953488372093	0.8392857142857143	0.8697916666666667	1.0	0.964034057545508	0.9488636363636364	0.9927248677248678	0.6785714285714286	0.8206521739130435	1.0	0.628048780487805	0.6739043824701194	0.9961538461538462	0.8307291666666667	0.8995271867612292	0.9624999999999999	0.7406941649899397	0.8961038961038962	0.7440476190476191	0.7847222222222222	0.7731481481481481	0.996	0.968	0.3020833333333333	0.8535714285714286	0.9569672131147541	0.8049031121550205	0.7814980158730159	0.7897727272727274	0.8315217391304348	0.7759789156626506	0.6944444444444445	0.8709016393442622	0.6234375000000001	0.46135265700483086	0.9201923076923076	0.9742063492063493	0.8364077669902913	0.9953379953379954	0.8026004728132388	0.7552083333333333	0.853	0.828125	0.803030303030303	0.6546875	0.8918367346938776
SEQVEC	0.6845238095238094	0.9862068965517241	0.9539215686274509	0.9142156862745099	0.5402930402930403	0.6109022556390977	0.6519031141868512	0.8538461538461538	0.6022727272727273	0.8512370311252992	0.9534883720930233	0.7182539682539683	0.8463541666666667	0.9959183673469388	0.9593364650616559	0.9090909090909091	0.9907407407407407	0.8035714285714286	0.7608695652173914	0.9977324263038548	0.7972560975609756	0.6672908366533864	0.9846153846153846	0.7578125	0.9373522458628841	0.9624999999999999	0.7741448692152918	0.8744588744588744	0.7857142857142857	0.8291666666666666	0.6840277777777778	1.0	0.9080000000000001	0.3984375	0.8821428571428571	0.8702185792349726	0.7893423370522608	0.7709573412698412	0.7911931818181819	0.875	0.6999246987951808	0.7303240740740741	0.8422131147540984	0.63125	0.6014492753623188	0.9278846153846154	0.9821428571428572	0.8381067961165048	0.993006993006993	0.6229314420803783	0.6614583333333333	0.8365	0.7161458333333334	0.7196969696969697	0.76875	0.8224489795918367
XLNET	0.8988095238095238	0.9448275862068967	0.9656862745098039	0.8897058823529411	0.7417582417582418	0.7349624060150375	0.7574394463667821	0.7846153846153846	0.5667613636363636	0.85658419792498	0.9462209302325582	0.8234126984126984	0.9244791666666666	0.9918367346938776	0.9635936582501468	0.8352272727272727	0.9775132275132276	0.8178571428571428	0.7554347826086957	0.9795918367346939	0.6463414634146342	0.6415139442231077	0.9192307692307693	0.7473958333333333	0.9320330969267139	0.8812500000000001	0.7775402414486922	0.8004329004329004	0.7380952380952381	0.8229166666666667	0.7430555555555556	0.988	0.7240000000000001	0.33072916666666663	0.8785714285714287	0.8866120218579234	0.7385496183206107	0.7109375000000001	0.7301136363636364	0.7554347826086958	0.7417168674698795	0.7719907407407408	0.8217213114754098	0.625	0.466183574879227	0.8538461538461539	0.9722222222222222	0.8162621359223301	0.9714452214452216	0.6903073286052009	0.7083333333333333	0.7202500000000001	0.8307291666666667	0.7171717171717171	0.709375	0.8510204081632653
BERT-BFD	0.875	0.9793103448275862	0.9294117647058823	0.8774509803921569	0.6758241758241759	0.8120300751879699	0.7072664359861592	0.7692307692307692	0.5028409090909091	0.8010375099760574	0.9505813953488371	0.7936507936507937	0.78125	0.9673469387755101	0.9568408690546094	1.0	0.9477513227513228	0.5714285714285714	0.75	1.0	0.5823170731707317	0.6537450199203187	0.9115384615384615	0.7291666666666667	0.9258274231678487	0.96875	0.7409456740442656	0.8818181818181817	0.6190476190476191	0.7354166666666666	0.6828703703703703	0.984	0.9520000000000001	0.26822916666666663	0.9000000000000001	0.9043715846994534	0.7865531415149735	0.716765873015873	0.8011363636363636	0.8206521739130435	0.670933734939759	0.8055555555555556	0.8258196721311475	0.6515625	0.40821256038647347	0.8932692307692308	0.9583333333333334	0.8109223300970874	0.9918414918414918	0.8026004728132388	0.8177083333333334	0.657	0.8567708333333334	0.6843434343434343	0.8328125000000001	0.8653061224489796
BIOCONCEPTVEC-GLOVE	0.875	0.9896551724137932	0.8813725490196078	0.8088235294117646	0.7582417582417582	0.7255639097744361	0.7519031141868512	0.6961538461538461	0.671875	0.8118914604948124	0.8502906976744186	0.8611111111111112	0.8932291666666666	0.8306122448979592	0.9010569583088668	0.9829545454545455	0.917989417989418	0.9142857142857144	0.7010869565217391	0.9444444444444445	0.6859756097560976	0.7084860557768924	0.8423076923076923	0.6796875	0.9116430260047281	0.7937500000000001	0.6200955734406438	0.7770562770562771	0.8869047619047619	0.8131944444444444	0.7569444444444444	0.92	0.9400000000000001	0.8880208333333334	0.9357142857142857	0.8551912568306012	0.765267175572519	0.7075892857142857	0.6988636363636364	0.6141304347826086	0.7661897590361446	0.8171296296296297	0.7807377049180327	0.734375	0.6666666666666667	0.9019230769230768	0.6507936507936508	0.7747572815533981	0.9015151515151516	0.7777777777777778	0.765625	0.81325	0.8645833333333334	0.7045454545454545	0.4875	0.7428571428571429
SCGPT-HUMAN	0.7976190476190477	0.7862068965517242	0.9264705882352942	0.9705882352941176	0.6373626373626373	0.674812030075188	0.6083044982698962	0.9038461538461539	0.6107954545454546	0.8154828411811652	0.9084302325581395	0.8412698412698413	0.7682291666666666	0.8102040816326531	0.9088373458602467	0.9318181818181819	0.808862433862434	0.8714285714285714	0.7663043478260869	0.873015873015873	0.5564024390243902	0.7159362549800797	0.9346153846153846	0.7395833333333333	0.898936170212766	0.8875	0.7018360160965794	0.8441558441558442	0.8690476190476191	0.6875	0.9976851851851852	0.7400000000000001	0.9	0.6015625	0.9678571428571429	0.8777322404371585	0.6494421608925425	0.7477678571428571	0.7215909090909091	0.7391304347826088	0.7496234939759037	0.7662037037037037	0.6045081967213115	0.7265625	0.713768115942029	0.8932692307692308	0.773809523809524	0.6621359223300971	0.9423076923076923	0.7446808510638298	0.7890625	0.6637500000000001	0.6276041666666667	0.6742424242424243	0.8015625	0.9163265306122449
UNIREP	0.7619047619047619	0.9103448275862069	0.8833333333333333	0.7034313725490196	0.6062271062271063	0.6729323308270677	0.7283737024221454	0.8769230769230769	0.5369318181818181	0.7857940941739824	0.8837209302325582	0.7261904761904762	0.8411458333333335	0.9693877551020408	0.9509688784497945	0.9375	0.9775132275132276	0.7464285714285714	0.7826086956521738	1.0	0.6189024390243902	0.6000796812749004	0.8538461538461538	0.6276041666666666	0.9264184397163121	0.78125	0.6618460764587525	0.7852813852813852	0.761904761904762	0.7715277777777778	0.6979166666666667	0.992	0.8919999999999999	0.5442708333333334	0.8571428571428571	0.8811475409836065	0.768349970640047	0.7437996031746031	0.8011363636363635	0.7934782608695652	0.6596385542168675	0.5578703703703703	0.8497267759562841	0.6687500000000001	0.7125603864734299	0.9115384615384615	0.9662698412698413	0.7902912621359223	0.9778554778554779	0.5791962174940899	0.7552083333333333	0.7625	0.7447916666666666	0.6616161616161617	0.7484375	0.9326530612244898
PPI-RAW	0.7083333333333334	0.9448275862068966	0.8235294117647058	0.5759803921568627	0.6794871794871794	0.7763157894736843	0.7380622837370242	0.8076923076923077	0.5795454545454546	0.9079808459696728	0.7267441860465116	0.888888888888889	0.7708333333333334	0.8673469387755102	0.8737522019964769	0.9772727272727273	0.9348544973544973	0.6714285714285715	0.8804347826086957	1.0	0.5853658536585367	0.5625498007968127	0.8653846153846154	0.578125	0.7763002364066193	0.825	0.8423038229376257	0.9441558441558442	0.9821428571428572	0.9180555555555555	0.767361111111111	1.0	0.712	0.4453125	0.6392857142857143	0.8948087431693988	0.901937756899589	0.712921626984127	0.8124999999999999	0.8369565217391305	0.6882530120481928	0.5983796296296297	0.7397540983606558	0.259375	0.6871980676328503	0.9596153846153845	0.8968253968253967	0.7898058252427185	0.8071095571095571	0.6619385342789598	0.7604166666666667	0.7889999999999999	0.90625	0.664141414141414	0.9078125	0.9836734693877551
KSEP	0.6011904761904762	0.9275862068965518	0.7313725490196079	0.7549019607843137	0.5622710622710623	0.8139097744360902	0.5657439446366782	0.9346153846153846	0.5355113636363635	0.7604948124501197	0.9476744186046512	0.9007936507936508	0.703125	0.9428571428571428	0.9490604815032297	0.9090909090909091	0.9722222222222222	0.8785714285714287	0.7173913043478262	0.9863945578231292	0.7606707317073171	0.6668127490039841	0.7576923076923077	0.37239583333333337	0.9352836879432624	0.8875	0.6292756539235413	0.8502164502164502	0.6309523809523809	0.7972222222222223	0.7395833333333333	1.0	0.9480000000000001	0.4557291666666667	0.9321428571428572	0.8504098360655737	0.7886083382266589	0.7151537698412699	0.8210227272727273	0.7771739130434783	0.6803463855421686	0.6574074074074074	0.8886612021857925	0.559375	0.788647342995169	0.8903846153846153	0.9722222222222222	0.7077669902912622	0.9650349650349651	0.611111111111111	0.703125	0.84325	0.7369791666666666	0.7398989898989898	0.5546875	0.8551020408163266
BERT-PFAM	0.8928571428571428	0.9724137931034482	0.9235294117647059	0.7794117647058822	0.4725274725274725	0.6860902255639098	0.6747404844290659	0.7461538461538462	0.5198863636363636	0.8396648044692737	0.9258720930232558	0.7103174603174602	0.859375	0.9795918367346939	0.943335290663535	0.8522727272727273	0.9814814814814815	0.7892857142857143	0.4782608695652174	0.9761904761904762	0.6890243902439024	0.6029880478087649	0.9807692307692308	0.59375	0.9278959810874705	0.9249999999999999	0.7296277665995976	0.790909090909091	0.8511904761904762	0.8347222222222223	0.5046296296296297	0.992	0.8600000000000001	0.27864583333333337	0.8821428571428571	0.8654371584699454	0.7477980035231944	0.7460317460317459	0.8394886363636362	0.8695652173913043	0.6946536144578314	0.814814814814815	0.7896174863387978	0.47343749999999996	0.5507246376811594	0.9173076923076924	0.8869047619047619	0.824514563106796	0.9778554778554778	0.6465721040189125	0.6484375	0.7809999999999999	0.6145833333333334	0.75	0.6671874999999999	0.7265306122448979
HMMER	0.8809523809523809	0.8896551724137931	0.8147058823529412	0.8897058823529411	0.4807692307692307	0.763157894736842	0.6522491349480969	0.7230769230769231	0.609375	0.7790103750997605	0.8909883720930233	0.8214285714285714	0.6588541666666666	0.9673469387755103	0.9881092190252496	0.7727272727272727	0.962962962962963	0.7392857142857143	0.7010869565217391	1.0	0.5259146341463414	0.6464940239043824	0.976923076923077	0.7942708333333334	0.822695035460993	0.85625	0.6378269617706237	0.8051948051948051	0.6428571428571429	0.8340277777777778	0.6608796296296297	0.996	0.72	0.45833333333333337	0.9607142857142856	0.944672131147541	0.7891955372871403	0.7116815476190476	0.6065340909090909	0.7065217391304348	0.7631777108433735	0.5601851851851851	0.801912568306011	0.653125	0.5688405797101449	0.8326923076923077	0.9821428571428572	0.7662621359223302	0.8782051282051283	0.6713947990543735	0.6614583333333333	0.8365	0.6901041666666666	0.7954545454545454	0.63203125	0.9061224489795918
GF-6L30M	0.5178571428571428	0.8344827586206897	0.7970588235294117	0.8014705882352942	0.8205128205128205	0.6729323308270676	0.44532871972318344	0.726923076923077	0.7911931818181818	0.693535514764565	0.9156976744186046	0.7658730158730158	0.7942708333333334	0.4918367346938775	0.8349970640046975	0.7840909090909091	0.7718253968253969	0.65	0.5543478260869565	0.8117913832199547	0.8003048780487805	0.7029482071713148	0.8807692307692309	0.75	0.8752955082742317	0.8	0.7013329979879275	0.6774891774891775	0.875	0.7263888888888889	0.9108796296296295	0.8759999999999999	0.884	0.7604166666666667	0.9214285714285715	0.8729508196721312	0.8065179095713446	0.7242063492063493	0.6732954545454546	0.75	0.672816265060241	0.8078703703703703	0.6099726775956285	0.678125	0.8164251207729468	0.9086538461538461	0.7956349206349206	0.733252427184466	0.9242424242424243	0.6867612293144209	0.8098958333333333	0.59825	0.7265625	0.6388888888888888	0.69375	0.883673469387755
GF-12L30M	0.7142857142857143	0.7551724137931034	0.8196078431372549	0.8382352941176471	0.7197802197802197	0.6353383458646616	0.501038062283737	0.7076923076923077	0.734375	0.7515562649640862	0.8619186046511629	0.7599206349206349	0.7630208333333334	0.6591836734693878	0.8414562536699941	0.8977272727272727	0.7863756613756614	0.7321428571428572	0.7228260869565217	0.8049886621315192	0.8185975609756099	0.6212350597609562	0.7692307692307693	0.7083333333333333	0.8327423167848699	0.8625	0.7168008048289738	0.7017316017316018	0.875	0.74375	0.9097222222222222	0.768	0.848	0.5911458333333333	0.842857142857143	0.7513661202185792	0.8498238402818555	0.6991567460317459	0.7329545454545455	0.7282608695652174	0.7349397590361446	0.7060185185185185	0.5676229508196721	0.59375	0.8442028985507246	0.9134615384615385	0.7400793650793651	0.7213592233009709	0.907925407925408	0.7695035460992907	0.6666666666666666	0.6405000000000001	0.7083333333333334	0.7171717171717171	0.60625	0.8265306122448979
PFAM	0.7529761904761906	0.8258620689655173	0.7941176470588235	0.8823529411764705	0.7728937728937729	0.6851503759398496	0.6183391003460207	0.8192307692307692	0.5546875	0.791779728651237	0.8117732558139535	0.9375	0.6731770833333333	0.9438775510204082	0.9612448620082207	0.7897727272727273	0.933862433862434	0.6089285714285714	0.6521739130434784	0.9603174603174602	0.4763719512195122	0.6668525896414342	0.9884615384615385	0.7395833333333334	0.8305260047281323	0.596875	0.6739185110663984	0.7997835497835498	0.5773809523809523	0.7586805555555556	0.740162037037037	0.988	0.844	0.39843750000000006	0.9107142857142856	0.9146174863387977	0.7188050499119201	0.6783234126984127	0.5454545454545454	0.7418478260869565	0.7260918674698796	0.7777777777777778	0.7377049180327868	0.5968749999999999	0.6183574879227053	0.8072115384615385	0.679563492063492	0.7240291262135923	0.9015151515151515	0.7754137115839244	0.734375	0.787625	0.83203125	0.6818181818181818	0.5429687499999999	0.6479591836734694
LEARNED-VEC	0.8630952380952381	0.9241379310344828	0.7901960784313725	0.7769607843137255	0.6208791208791209	0.7969924812030076	0.6529411764705882	0.923076923076923	0.46022727272727276	0.831364724660814	0.8110465116279071	0.5714285714285714	0.796875	0.963265306122449	0.9070757486788023	0.8238636363636365	0.9186507936507936	0.7892857142857143	0.5706521739130435	0.9546485260770975	0.7179878048780488	0.611792828685259	0.8576923076923076	0.5338541666666667	0.8939125295508273	0.975	0.6300301810865191	0.78008658008658	0.7261904761904762	0.6388888888888888	0.6215277777777778	0.988	0.884	0.5546875	0.9357142857142857	0.7903005464480874	0.6746917204932472	0.7372271825396826	0.8366477272727273	0.8260869565217391	0.6445783132530121	0.8020833333333334	0.7056010928961749	0.475	0.36473429951690817	0.8298076923076925	0.8511904761904762	0.7240291262135922	0.8578088578088578	0.6926713947990544	0.5989583333333333	0.69625	0.39583333333333337	0.5378787878787878	0.665625	0.8081632653061224
GF-12L95MCANCER	0.5	0.8448275862068966	0.8764705882352941	0.8504901960784313	0.6245421245421245	0.6804511278195489	0.6058823529411764	0.7576923076923077	0.5696022727272727	0.7569832402234637	0.872093023255814	0.8035714285714286	0.6666666666666667	0.5877551020408163	0.8728714034057544	0.8863636363636364	0.7473544973544972	0.5821428571428571	0.6358695652173912	0.7063492063492063	0.6661585365853658	0.6761752988047809	0.6576923076923077	0.6744791666666666	0.866725768321513	0.84375	0.704351106639839	0.7354978354978355	0.8869047619047619	0.6576388888888889	0.9039351851851851	0.7480000000000001	0.8560000000000001	0.6666666666666667	0.7535714285714286	0.9050546448087432	0.7428068115091015	0.7017609126984127	0.7642045454545454	0.8423913043478262	0.7601656626506025	0.7662037037037037	0.6844262295081968	0.571875	0.8526570048309179	0.8076923076923077	0.748015873015873	0.7053398058252427	0.960955710955711	0.6666666666666666	0.8333333333333333	0.6767500000000001	0.7369791666666666	0.6616161616161617	0.6265625	0.8489795918367347
GF-20L95M	0.4642857142857143	0.7379310344827585	0.8362745098039216	0.8676470588235294	0.5366300366300366	0.6917293233082706	0.532871972318339	0.7576923076923077	0.6590909090909092	0.7525937749401437	0.866279069767442	0.7936507936507937	0.703125	0.5285714285714285	0.9039929536112743	0.7784090909090909	0.8287037037037036	0.49642857142857144	0.7119565217391305	0.8140589569160996	0.7530487804878049	0.6827888446215139	0.8307692307692307	0.8515625	0.914598108747045	0.6375	0.7466046277665996	0.7359307359307359	0.9107142857142857	0.7048611111111112	0.9965277777777778	0.864	0.932	0.5859375	0.8357142857142859	0.8012295081967212	0.7034644744568408	0.6422371031746033	0.7386363636363636	0.8586956521739131	0.677710843373494	0.7037037037037037	0.6113387978142077	0.45	0.8043478260869565	0.801923076923077	0.7281746031746031	0.7347087378640776	0.9405594405594406	0.7033096926713949	0.8255208333333333	0.5975	0.7447916666666667	0.6414141414141414	0.6421875	0.8387755102040816
SCGPT-PANCANCER	0.40476190476190477	0.8172413793103449	0.8696078431372548	0.875	0.6904761904761905	0.5413533834586465	0.46782006920415226	0.8846153846153846	0.5184659090909092	0.8000798084596967	0.9215116279069767	0.8095238095238095	0.75	0.9346938775510205	0.798003523194363	0.8011363636363636	0.7837301587301587	0.7392857142857143	0.5869565217391304	0.8299319727891157	0.5807926829268293	0.7306374501992032	0.6423076923076922	0.6510416666666667	0.8117612293144209	0.84375	0.68158953722334	0.6705627705627706	0.7678571428571429	0.6597222222222223	0.9826388888888888	0.796	0.784	0.4505208333333333	0.95	0.8709016393442623	0.6805637110980622	0.7056051587301587	0.7585227272727273	0.5760869565217391	0.6743222891566266	0.7824074074074074	0.5300546448087431	0.5734375	0.7028985507246377	0.9048076923076923	0.6448412698412698	0.6844660194174758	0.9481351981351982	0.7056737588652482	0.7760416666666667	0.739	0.6197916666666667	0.563131313131313	0.81875	0.9122448979591837
GF-12L95M	0.5297619047619048	0.8448275862068966	0.8529411764705882	0.7647058823529412	0.5897435897435896	0.6898496240601504	0.41557093425605535	0.7038461538461539	0.6463068181818182	0.7533120510774143	0.8953488372093024	0.7539682539682538	0.625	0.5693877551020408	0.8772753963593658	0.8806818181818182	0.8412698412698413	0.6714285714285715	0.5543478260869565	0.7743764172335601	0.7027439024390244	0.6656573705179283	0.7461538461538462	0.6041666666666666	0.8882978723404256	0.71875	0.7132796780684104	0.713852813852814	0.8630952380952381	0.6430555555555555	0.9421296296296297	0.7520000000000001	0.9199999999999999	0.6666666666666666	0.8785714285714286	0.9057377049180328	0.7160892542571932	0.6774553571428572	0.7130681818181819	0.7065217391304347	0.6878765060240964	0.7523148148148149	0.6687158469945356	0.5921875	0.75	0.6913461538461538	0.7757936507936508	0.7716019417475728	0.9772727272727273	0.7115839243498818	0.39583333333333337	0.74425	0.6614583333333333	0.7146464646464646	0.7015625000000001	0.8224489795918367
GENE2VEC	0.6904761904761905	0.6448275862068966	0.8539215686274509	0.8455882352941178	0.6153846153846154	0.8402255639097744	0.4352941176470589	0.7307692307692308	0.6150568181818182	0.7405426975259377	0.8386627906976745	0.851190476190476	0.546875	0.6224489795918368	0.8578978273634762	0.6590909090909091	0.8141534391534392	0.6785714285714285	0.6358695652173912	0.7596371882086168	0.5335365853658537	0.6962948207171314	0.7846153846153846	0.6822916666666667	0.8439716312056738	0.9	0.6061368209255533	0.6961038961038961	0.8452380952380953	0.7152777777777778	0.9537037037037036	0.74	0.86	0.5755208333333333	0.9321428571428572	0.8114754098360656	0.7037580739870816	0.6862599206349206	0.6846590909090909	0.717391304347826	0.6570030120481928	0.7673611111111112	0.5218579234972677	0.5890625	0.643719806763285	0.8634615384615384	0.8353174603174602	0.6466019417475728	0.7698135198135199	0.6430260047281324	0.7786458333333333	0.61775	0.703125	0.5782828282828283	0.8078124999999999	0.9326530612244897
BLAST	0.8244047619047619	0.8379310344827586	0.8137254901960784	0.6911764705882354	0.5787545787545787	0.6635338345864662	0.6404844290657439	0.8653846153846154	0.45454545454545453	0.7793695131683959	0.8299418604651162	0.7678571428571428	0.4427083333333333	0.9755102040816326	0.9580152671755725	0.48863636363636365	0.9166666666666667	0.6964285714285714	0.7065217391304348	0.81859410430839	0.4695121951219512	0.5222709163346613	0.9961538461538462	0.6744791666666666	0.8091016548463357	0.675	0.536783199195171	0.7456709956709957	0.5654761904761905	0.7993055555555555	0.7766203703703703	0.904	0.8320000000000001	0.4192708333333333	0.9571428571428571	0.8756830601092895	0.7290076335877862	0.6686507936507936	0.6065340909090908	0.8967391304347826	0.8128765060240964	0.44791666666666663	0.8189890710382514	0.4828125	0.4371980676328502	0.6913461538461538	0.8591269841269841	0.7126213592233009	0.9224941724941725	0.7612293144208038	0.6171875	0.77575	0.7604166666666667	0.6792929292929294	0.6265625	0.9326530612244898
PROTVEC	0.5178571428571429	0.9206896551724137	0.7225490196078431	0.6078431372549019	0.5457875457875458	0.7124060150375939	0.7325259515570934	0.95	0.421875	0.7822027134876297	0.7863372093023256	0.6706349206349206	0.6380208333333334	0.9081632653061223	0.8650910158543748	0.7556818181818181	0.9576719576719577	0.7285714285714285	0.5706521739130435	0.909297052154195	0.5914634146341464	0.6138645418326694	0.7730769230769231	0.5598958333333334	0.9323286052009456	0.98125	0.5320674044265593	0.7532467532467533	0.6785714285714286	0.64375	0.6111111111111112	0.9640000000000001	0.9199999999999999	0.45572916666666663	0.9214285714285715	0.7636612021857924	0.6741045214327657	0.7183779761904762	0.8792613636363636	0.7500000000000001	0.5865963855421686	0.46064814814814814	0.7028688524590164	0.4453125	0.5555555555555556	0.8759615384615385	0.8650793650793651	0.7320388349514564	0.9493006993006994	0.5319148936170213	0.65625	0.672	0.5104166666666667	0.5883838383838383	0.66875	0.9285714285714286
TCGA-EMBEDDING	0.40476190476190477	0.7931034482758621	0.8343137254901961	0.7843137254901961	0.7271062271062272	0.6203007518796992	0.5415224913494809	0.676923076923077	0.4559659090909091	0.7375897845171588	0.9273255813953488	0.7083333333333333	0.6666666666666666	0.6081632653061224	0.8816793893129771	0.8295454545454546	0.7268518518518519	0.7035714285714285	0.6902173913043478	0.7108843537414966	0.6326219512195123	0.6900398406374503	0.7153846153846153	0.765625	0.8862293144208039	0.6375	0.7590543259557344	0.7164502164502164	0.8452380952380952	0.7743055555555556	0.8958333333333333	0.892	0.756	0.609375	0.9035714285714285	0.7383879781420765	0.6997944803288315	0.6514136904761905	0.6732954545454545	0.8097826086956522	0.552710843373494	0.7662037037037037	0.5806010928961748	0.6	0.8248792270531402	0.901923076923077	0.8353174603174602	0.5434466019417477	0.8164335664335663	0.7635933806146573	0.7291666666666667	0.5285	0.48177083333333337	0.5429292929292929	0.6421874999999999	0.7163265306122448
AAC	0.8452380952380953	0.9310344827586208	0.7431372549019608	0.7598039215686274	0.5366300366300366	0.7744360902255639	0.5653979238754325	0.8846153846153846	0.33948863636363635	0.7940941739824422	0.6671511627906976	0.5158730158730158	0.7786458333333333	0.9244897959183674	0.9167645331767469	0.6079545454545454	0.8723544973544974	0.8	0.8586956521739131	0.9251700680272109	0.7271341463414634	0.5960557768924303	0.9307692307692307	0.5286458333333333	0.8684988179669031	0.90625	0.5956991951710262	0.6926406926406927	0.6726190476190476	0.6451388888888889	0.6157407407407407	0.992	0.892	0.44791666666666674	0.6178571428571429	0.7670765027322405	0.6043746330005872	0.7056051587301587	0.7727272727272728	0.7500000000000001	0.5813253012048193	0.6412037037037037	0.6475409836065573	0.5265625	0.37801932367149754	0.8903846153846154	0.7896825396825398	0.6970873786407767	0.8082750582750583	0.6903073286052009	0.6588541666666667	0.70075	0.48958333333333337	0.5202020202020202	0.571875	0.7326530612244898
CPC-PROT	0.8571428571428572	0.993103448275862	0.8156862745098038	0.7107843137254901	0.46153846153846156	0.6240601503759399	0.6034602076124567	0.8576923076923078	0.43465909090909094	0.7947326416600159	0.8386627906976745	0.5079365079365079	0.7630208333333334	0.8612244897959185	0.9283617146212567	0.7840909090909091	0.9629629629629629	0.7678571428571428	0.4782608695652174	0.873015873015873	0.7652439024390244	0.5786852589641434	0.6576923076923077	0.5572916666666666	0.9042553191489362	0.8562500000000001	0.6486418511066399	0.6242424242424243	0.6488095238095237	0.6784722222222223	0.6828703703703703	0.968	0.852	0.4713541666666667	0.55	0.744535519125683	0.6774809160305344	0.6902281746031745	0.8068181818181819	0.7554347826086956	0.6054216867469879	0.6944444444444444	0.6366120218579234	0.4625	0.5253623188405796	0.8990384615384616	0.7420634920634921	0.7296116504854369	0.8752913752913754	0.640661938534279	0.6458333333333333	0.716	0.5833333333333334	0.6338383838383838	0.6703125000000001	0.5673469387755101
APAAC	0.38095238095238093	0.9551724137931034	0.7558823529411764	0.8259803921568627	0.5695970695970696	0.6578947368421052	0.6923875432525951	0.9384615384615385	0.42471590909090906	0.7826815642458101	0.7238372093023255	0.501984126984127	0.625	0.936734693877551	0.8807985907222549	0.6647727272727273	0.9332010582010581	0.7714285714285716	0.5869565217391304	0.8764172335600907	0.7560975609756098	0.5943426294820717	0.7576923076923077	0.5416666666666667	0.8782505910165486	0.9125000000000001	0.4957243460764587	0.7034632034632035	0.6904761904761905	0.6381944444444445	0.6631944444444444	0.984	0.924	0.4453125	0.775	0.7691256830601092	0.6327069876688197	0.5792410714285715	0.7400568181818181	0.7554347826086957	0.570406626506024	0.4502314814814815	0.6393442622950819	0.6484375	0.47826086956521735	0.825	0.8551587301587302	0.716990291262136	0.9527972027972027	0.6501182033096926	0.671875	0.59625	0.48958333333333337	0.7045454545454546	0.6046874999999999	0.9
FROGS-ARCHS4	0.6607142857142858	0.8344827586206895	0.6647058823529411	0.7230392156862745	0.7234432234432234	0.6936090225563909	0.6262975778546712	0.7884615384615384	0.7713068181818181	0.6328012769353552	0.7965116279069767	0.6626984126984126	0.515625	0.5326530612244897	0.8564298297122726	0.6818181818181818	0.7341269841269841	0.6928571428571428	0.6467391304347826	0.6462585034013605	0.7225609756097562	0.6284462151394422	0.7269230769230769	0.78125	0.8755910165484633	0.8500000000000001	0.5357142857142858	0.758008658008658	0.7857142857142857	0.38819444444444445	0.8622685185185185	0.752	0.892	0.6510416666666666	0.8142857142857143	0.6024590163934427	0.714034057545508	0.6278521825396826	0.7073863636363636	0.5869565217391304	0.6762048192771084	0.7546296296296297	0.5088797814207651	0.49374999999999997	0.7306763285024155	0.8173076923076923	0.6170634920634921	0.7759708737864078	0.8583916083916083	0.75177304964539	0.6640625	0.693	0.71875	0.563131313131313	0.6609375	0.7306122448979592
