	DOID:0050161	DOID:0050539	DOID:0050563	DOID:0050564	DOID:0050565	DOID:0050686	DOID:0050687	DOID:0050700	DOID:0050701	DOID:0050735	DOID:0050736	DOID:0050737	DOID:0050739	DOID:0050753	DOID:0050776	DOID:0050777	DOID:0050828	DOID:0050888	DOID:0050889	DOID:0050950	DOID:0050951	DOID:0060036	DOID:0060037	DOID:0060038	DOID:0060307	DOID:0060308	DOID:0060309	DOID:0060340	DOID:0060564	DOID:0080000	DOID:0080001	DOID:0080005	DOID:0080006	DOID:0080009	DOID:0080012	DOID:0080578	DOID:0081337	DOID:0111910	DOID:0111962	DOID:0112202	DOID:10155	DOID:10273	DOID:10579	DOID:10584	DOID:1059	DOID:10595	DOID:1091	DOID:110	DOID:1100	DOID:114	DOID:12336	DOID:12449	DOID:1247	DOID:1289	DOID:12930	DOID:1342	DOID:1441	DOID:1443	DOID:178	DOID:1826	DOID:1923	DOID:1934	DOID:2115	DOID:2256	DOID:2277	DOID:229	DOID:231	DOID:2355	DOID:2476	DOID:2490	DOID:2531	DOID:2583	DOID:2742	DOID:2786	DOID:305	DOID:3119	DOID:37	DOID:403	DOID:417	DOID:423	DOID:440	DOID:4448	DOID:48	DOID:4961	DOID:5212	DOID:5295	DOID:557	DOID:5614	DOID:5672	DOID:5679	DOID:607	DOID:612	DOID:627	DOID:65	DOID:66	DOID:83	DOID:8466	DOID:870	DOID:9256	DOID:936	DOID:9562	DOID:9799	DOID:9884
GENEPT-MODEL3	0.8241379310344827	0.796875	0.9188034188034188	0.7833333333333333	0.8560250391236307	0.915991156963891	0.7862068965517242	1.0	0.8813104189044039	0.8221561969439728	0.6866666666666666	0.7142690058479532	0.6806650993477931	0.9644886363636364	0.75625	1.0	0.7760416666666667	0.8429878048780488	0.99375	0.8928571428571428	0.8794117647058823	0.9830188679245283	0.8648333333333333	0.8575561212682249	0.9332191780821919	0.8544520547945206	0.6237373737373737	0.9888888888888889	0.7738095238095237	0.9186602870813397	0.8617218236519324	0.9535714285714286	0.867086038961039	0.8010752688172043	0.7741228070175439	0.825268817204301	0.8730769230769231	0.9398496240601504	0.921875	0.9448717948717948	0.9583333333333334	0.9782608695652174	0.674074074074074	0.8985507246376812	0.8934771825396826	0.9332386363636362	0.9750000000000001	1.0	0.85	0.8776737967914439	0.9765625	0.9811827956989247	0.8890977443609023	0.7706349206349207	0.9862068965517241	0.9814814814814815	0.6354166666666666	0.5551724137931034	0.7031249999999999	0.8810876623376623	0.8295454545454545	0.8645833333333333	0.9640000000000001	0.8203551912568305	0.9083204930662558	0.796	0.654040404040404	0.9470000000000001	0.872093023255814	0.8388888888888889	0.8877551020408163	0.9874999999999999	0.7739316239316238	0.9888888888888889	0.9226190476190477	0.9849624060150376	0.8591008771929823	0.9642857142857143	0.9039634146341464	0.8727678571428571	0.9307692307692308	0.74375	0.8576923076923076	0.8999999999999999	0.993103448275862	0.8452380952380953	0.9070034443168771	0.9364365971107544	0.8273809523809523	0.9294871794871795	0.944767441860465	0.98125	0.96875	0.8364002300172514	0.9788499669530734	1.0	0.8933463796477495	0.8307997356245869	1.0	0.8186111111111111	0.9640000000000001	0.8762230919765166	0.9498069498069498
BIOCONCEPTVEC-FASTTEXT	0.8482758620689655	0.859375	0.8726495726495727	0.6305555555555555	0.8794992175273865	0.9209653647752396	0.810344827586207	0.9962264150943396	0.8117615467239527	0.8399830220713073	0.6609649122807016	0.6869005847953216	0.6483770665857728	0.9204545454545454	0.95	1.0	0.9375	0.7835365853658537	0.99375	0.9583333333333334	0.7598039215686275	0.9433962264150944	0.8591111111111112	0.8428604489701458	0.8578767123287672	0.9726027397260274	0.7601010101010102	0.9777777777777777	0.8095238095238095	0.9247740563530037	0.816593381161768	0.9928571428571429	0.8898133116883117	0.5295698924731183	0.7361111111111112	0.6155913978494624	0.8423076923076924	0.9830827067669172	0.934375	0.9123931623931624	0.9702380952380952	1.0	0.9037037037037038	0.9396135265700483	0.8735119047619048	0.9261363636363636	0.7375	0.953125	0.95	0.8435828877005347	0.9734375	0.825268817204301	0.9849624060150376	0.8165079365079365	0.9551724137931035	0.9851851851851853	0.640625	0.6620689655172414	0.8062500000000001	0.8451704545454546	0.9431818181818181	0.8151041666666667	0.8280000000000001	0.7657103825136612	0.8667180277349769	0.8320000000000001	0.5277777777777779	0.889	0.8938953488372093	0.9416666666666665	0.9183673469387754	0.8875	0.8538461538461538	0.8975308641975308	0.9285714285714286	0.9699248120300752	0.8621162280701754	0.9821428571428572	0.9283536585365855	0.9196428571428572	0.893491124260355	0.7875	0.7817307692307692	0.956	0.896551724137931	0.8611111111111112	0.9512055109070034	0.868940609951846	0.7202380952380952	0.9758852258852259	0.8837209302325582	0.9906887755102041	0.9874999999999999	0.753737780333525	0.9649702577660277	1.0	0.9045988258317025	0.8754130865829478	0.8928571428571428	0.8423232323232324	1.0	0.9706457925636007	0.9922779922779923
BIOCONCEPTVEC-CBOW	0.8724137931034484	0.7864583333333334	0.8004273504273504	0.5944444444444444	0.7276995305164319	0.9283345615327929	0.6793103448275862	0.9433962264150944	0.8678839957035447	0.8123938879456707	0.7114035087719298	0.6656140350877192	0.6564917336569089	0.8707386363636364	0.925	1.0	0.890625	0.8292682926829268	1.0	0.9464285714285715	0.7735294117647058	0.9528301886792454	0.8251111111111111	0.8028234205045128	0.9246575342465753	0.9777397260273972	0.6969696969696969	0.9777777777777777	0.7738095238095238	0.9415204678362573	0.8470261513538533	0.9214285714285715	0.8875811688311688	0.7043010752688172	0.7214912280701755	0.5672043010752689	0.926923076923077	0.9793233082706767	0.8296875	0.9461538461538461	0.8809523809523809	0.9891304347826088	0.9111111111111112	0.9842995169082126	0.8705357142857143	0.8139204545454546	0.81875	0.9635416666666667	0.75625	0.8074866310160428	0.9359375	0.8306451612903225	0.9736842105263158	0.8161904761904762	0.9344827586206896	0.9888888888888888	0.8489583333333334	0.7793103448275863	0.809375	0.8569399350649352	0.9488636363636364	0.8411458333333333	0.8400000000000001	0.9426229508196722	0.8466872110939907	0.716	0.5833333333333333	0.8900000000000001	0.8357558139534883	0.9333333333333333	0.8755102040816326	0.7875000000000001	0.8243589743589744	0.8419753086419753	0.8809523809523809	0.9210526315789473	0.8188048245614036	0.9821428571428572	0.9390243902439025	0.9382440476190477	0.9118343195266272	0.875	0.7913461538461539	0.94	0.9724137931034482	0.9107142857142858	0.9804822043628014	0.8401284109149277	0.7678571428571428	0.942002442002442	0.8633720930232557	0.9769132653061225	0.9624999999999999	0.7752300172512938	0.9725710508922669	0.9650537634408602	0.9158512720156555	0.85261070720423	0.8273809523809524	0.7942929292929293	0.968	0.8811154598825832	0.9710424710424711
BIOCONCEPTVEC-SKIP-GRAM	0.9517241379310345	0.84375	0.8641025641025641	0.7638888888888888	0.812206572769953	0.9283345615327929	0.8275862068965518	0.9839622641509435	0.8407626208378087	0.8106960950764007	0.668859649122807	0.6679532163742691	0.6466707113605339	0.890625	0.85625	0.99375	0.9583333333333333	0.7378048780487805	0.98125	0.8452380952380952	0.8029411764705882	0.8877358490566037	0.8015555555555555	0.7970377227493636	0.9023972602739726	0.9383561643835616	0.6717171717171717	0.9571428571428572	0.8392857142857143	0.8965975544922913	0.7603563989817171	0.9892857142857143	0.8758116883116884	0.7043010752688172	0.7843567251461989	0.6612903225806451	0.8115384615384615	0.9736842105263158	0.9312499999999999	0.9132478632478632	0.9583333333333334	0.9130434782608696	0.8	0.9227053140096618	0.8665674603174603	0.8068181818181818	0.675	0.9661458333333334	0.8875	0.8633021390374331	0.9375	0.8655913978494624	0.9962406015037594	0.8253968253968254	0.9758620689655172	1.0	0.6197916666666667	0.7275862068965517	0.765625	0.8530844155844156	0.9488636363636365	0.8151041666666666	0.8840000000000001	0.7636612021857924	0.8297380585516179	0.852	0.6035353535353535	0.893	0.8037790697674418	0.8777777777777778	0.9285714285714285	0.825	0.8538461538461538	0.8790123456790122	0.9166666666666666	0.9718045112781956	0.8138706140350878	0.9702380952380952	0.9222560975609757	0.8902529761904762	0.8526627218934911	0.75625	0.8528846153846155	0.964	0.903448275862069	0.8134920634920635	0.965556831228473	0.8267255216693419	0.7857142857142858	0.9258241758241759	0.8604651162790697	0.9883928571428572	1.0	0.7288671650373779	0.9358889623265035	0.9731182795698925	0.9070450097847358	0.8093192333113021	0.9107142857142858	0.8357575757575757	0.976	0.9383561643835616	0.9652509652509652
GENEPT-ADA	0.7172413793103449	0.578125	0.8888888888888888	0.7472222222222222	0.758998435054773	0.8671702284450995	0.7862068965517242	0.9575471698113208	0.7900107411385606	0.7190152801358234	0.6603508771929826	0.6404093567251463	0.646556954345518	0.9133522727272727	0.7687499999999999	1.0	0.7604166666666666	0.8353658536585367	0.9249999999999999	0.6904761904761905	0.8215686274509804	0.9556603773584906	0.8237222222222222	0.8452904420273085	0.8373287671232876	0.8544520547945206	0.6994949494949495	0.9809523809523809	0.75	0.8766613503455609	0.8463318676232353	0.8821428571428571	0.7855113636363636	0.5887096774193548	0.702485380116959	0.739247311827957	0.6923076923076923	0.8026315789473685	0.8234375	0.9299145299145299	1.0	0.9402173913043479	0.7037037037037037	0.858695652173913	0.8609871031746033	0.8934659090909091	0.9624999999999999	0.9895833333333334	0.88125	0.84725935828877	0.875	0.9623655913978494	0.9360902255639099	0.7693650793650794	0.903448275862069	0.9629629629629629	0.6822916666666667	0.503448275862069	0.5140625	0.8149350649350648	0.6988636363636362	0.7838541666666667	0.972	0.9098360655737704	0.8983050847457626	0.756	0.6237373737373737	0.864	0.7906976744186047	0.6777777777777778	0.8734693877551021	0.975	0.7025641025641026	0.9209876543209876	0.8273809523809523	0.9454887218045112	0.7626096491228069	0.988095238095238	0.9054878048780488	0.769345238095238	0.8402366863905324	0.64375	0.7432692307692307	0.788	0.9827586206896551	0.7420634920634921	0.809414466130884	0.935553772070626	0.738095238095238	0.9249084249084248	0.8575581395348837	0.960076530612245	0.8687499999999999	0.7898936170212766	0.9048248512888301	0.9623655913978494	0.8478473581213307	0.8377395902181097	1.0	0.753510101010101	0.936	0.8933463796477495	0.8243243243243242
MUT2VEC	0.6689655172413793	0.7395833333333333	0.7461538461538462	0.5194444444444444	0.8341158059467919	0.9093588798820929	0.7620689655172413	0.8952830188679245	0.7959183673469388	0.8098471986417657	0.6380701754385965	0.6466081871345029	0.6385181252843926	0.7159090909090908	0.8812500000000001	0.99375	0.84375	0.774390243902439	0.70625	0.7142857142857144	0.6676470588235294	0.9188679245283019	0.7365555555555556	0.7276093496875723	0.8767123287671232	0.7842465753424658	0.7474747474747474	0.8761904761904762	0.43452380952380953	0.7939925571504518	0.8067576949780143	0.7857142857142858	0.8094561688311689	0.8225806451612903	0.777046783625731	0.6666666666666667	0.8346153846153846	0.8120300751879699	0.834375	0.8141025641025641	0.9821428571428571	0.907608695652174	0.8444444444444444	0.9879227053140096	0.7513640873015872	0.8338068181818181	0.89375	0.9739583333333334	0.7062499999999999	0.8235294117647058	0.703125	0.8467741935483871	0.9210526315789473	0.7876190476190477	0.8586206896551725	0.9888888888888889	0.6458333333333334	0.7344827586206897	0.6671875	0.7911931818181818	0.8352272727272727	0.8307291666666666	0.8960000000000001	0.8579234972677596	0.7573189522342065	0.756	0.5808080808080808	0.865	0.7311046511627907	0.9	0.9428571428571428	0.9624999999999999	0.6247863247863248	0.7814814814814814	0.7440476190476191	0.9530075187969925	0.659265350877193	0.988095238095238	0.9603658536585367	0.7857142857142857	0.7952662721893492	0.9624999999999999	0.7403846153846154	0.98	0.8793103448275863	0.7896825396825395	0.8392652123995408	0.7800160513643659	0.6964285714285714	0.8015873015873016	0.8968023255813954	0.948469387755102	0.90625	0.675531914893617	0.887309980171844	0.8091397849462365	0.8796477495107632	0.7184401850627892	0.75	0.7577272727272728	0.856	0.9285714285714286	0.8648648648648649
MASHUP	0.6517241379310346	0.8229166666666666	0.7927350427350427	0.525	0.6197183098591549	0.8043478260869565	0.8	0.9830188679245283	0.7247583243823845	0.9702886247877759	0.6483333333333333	0.645204678362573	0.6564158956468983	0.6960227272727273	1.0	1.0	0.8802083333333334	0.9268292682926829	1.0	0.7857142857142857	0.5372549019607844	0.9141509433962264	0.8177777777777778	0.841356167553807	0.928082191780822	0.7945205479452055	1.0	0.780952380952381	0.4107142857142857	0.8219032429558745	0.6397824577644063	0.5785714285714286	0.8145292207792207	0.9086021505376343	0.9948830409356725	0.7016129032258064	0.7	0.8533834586466166	0.7515624999999999	0.8564102564102565	0.8214285714285714	0.6304347826086957	0.7370370370370369	0.7983091787439612	0.8582589285714286	0.7542613636363636	0.74375	0.7760416666666667	0.84375	0.8165106951871658	0.78125	0.8817204301075269	0.9454887218045113	0.7285714285714286	0.9275862068965518	0.9555555555555555	0.8958333333333334	0.7448275862068965	0.659375	0.7049512987012987	0.34090909090909094	0.8177083333333334	0.84	0.8688524590163934	0.7596302003081664	0.5640000000000001	0.3308080808080808	0.8240000000000001	0.7877906976744186	0.8472222222222222	0.8714285714285714	0.90625	0.6371794871794871	0.634567901234568	0.8452380952380951	0.7575187969924811	0.7025767543859648	0.8511904761904762	0.7225609756097562	0.8028273809523809	0.678698224852071	0.7625	0.6817307692307691	0.9039999999999999	1.0	0.6091269841269841	0.8805970149253731	0.758908507223114	0.49404761904761907	0.8043345543345544	0.7863372093023255	0.9345663265306123	0.9562499999999999	0.7093875790684302	0.8456708526107072	0.6451612903225806	0.7759295499021527	0.8086582947785856	0.7678571428571429	0.661489898989899	0.988	0.8272994129158513	0.9324324324324325
SCGPT-HUMAN	0.693103448275862	0.8125	0.6333333333333333	0.6944444444444444	0.7136150234741785	0.6409358879882093	0.6241379310344827	0.8716981132075472	0.8606337271750806	0.8357385398981323	0.6653508771929825	0.6045614035087719	0.5832322159866525	0.8125	0.825	0.9125000000000001	0.8645833333333333	0.8460365853658536	0.7625	0.5059523809523809	0.6754901960784314	0.8613207547169811	0.7672222222222222	0.7186993751446424	0.9332191780821918	0.8595890410958904	0.6919191919191919	0.8476190476190476	0.6130952380952381	0.7977139819245083	0.6372367507521408	0.6107142857142857	0.752435064935065	0.553763440860215	0.7426900584795321	0.6586021505376344	0.7384615384615385	0.8139097744360902	0.7984375	0.8769230769230769	0.5892857142857142	0.5380434782608696	0.6703703703703704	0.8079710144927537	0.7981150793650793	0.7627840909090909	0.68125	0.84375	0.80625	0.7189171122994652	0.7328125	0.7876344086021506	0.9473684210526316	0.7055555555555556	0.8517241379310345	0.9222222222222223	0.8958333333333334	0.7551724137931035	0.5796875	0.7922077922077921	0.7329545454545454	0.8385416666666667	0.736	0.7370218579234972	0.5978428351309707	0.5720000000000001	0.45707070707070707	0.865	0.6046511627906976	0.7972222222222223	0.5285714285714286	0.84375	0.6098290598290598	0.9246913580246913	0.5297619047619048	0.7650375939849624	0.6817434210526316	0.8452380952380952	0.8612804878048781	0.7261904761904762	0.8514792899408283	0.83125	0.760576923076923	0.644	0.9517241379310344	0.5119047619047619	0.7146957520091849	0.7661316211878009	0.31547619047619047	0.8485958485958486	0.9069767441860466	0.9104591836734693	0.91875	0.6878953421506613	0.8440185062789161	0.8924731182795699	0.7954990215264188	0.6738268341044283	0.5	0.7467676767676767	0.992	0.8825831702544031	0.5810810810810811
NODE2VEC	0.6310344827586207	0.6666666666666667	0.5200854700854701	0.5583333333333333	0.622848200312989	0.848747236551216	0.8068965517241379	0.8462264150943397	0.7000537056928035	0.6893039049235994	0.6136842105263158	0.6183040935672515	0.6275216138328531	0.6448863636363636	0.49375	0.9874999999999999	0.7552083333333334	0.6981707317073171	0.7187500000000001	0.6250000000000001	0.5647058823529412	0.729245283018868	0.653888888888889	0.7088636889608887	0.8253424657534246	0.8664383561643836	0.601010101010101	0.8984126984126983	0.6607142857142857	0.6863370547581072	0.7403378847489006	0.6285714285714286	0.8218344155844156	0.771505376344086	0.6498538011695907	0.6827956989247311	0.8961538461538461	0.6973684210526316	0.8609374999999999	0.8294871794871795	0.9940476190476191	0.8043478260869565	0.8666666666666667	0.7657004830917874	0.7937748015873016	0.7159090909090908	0.64375	0.7213541666666666	0.29375	0.7573529411764706	0.671875	0.8467741935483871	0.8515037593984962	0.6803174603174603	0.8758620689655172	0.9629629629629629	0.6302083333333334	0.8758620689655172	0.7734375	0.6635551948051949	0.5056818181818181	0.8854166666666666	0.8360000000000001	0.7698087431693988	0.6910631741140215	0.488	0.5782828282828283	0.692	0.7311046511627908	0.6611111111111111	0.7938775510204081	0.93125	0.5547008547008547	0.7839506172839505	0.8154761904761905	0.9078947368421053	0.6702302631578947	0.8571428571428572	0.7408536585365854	0.7254464285714286	0.7349112426035502	0.7749999999999999	0.725	0.976	0.9482758620689655	0.8373015873015873	0.6417910447761194	0.6576243980738363	0.8452380952380952	0.757020757020757	0.7819767441860466	0.9121173469387756	0.85	0.6434013801035077	0.8238598810310641	0.7419354838709677	0.7636986301369865	0.7035690680766689	0.9821428571428572	0.6474242424242423	0.772	0.7715264187866928	0.9073359073359073
GF-12L95M	0.7862068965517242	0.4791666666666667	0.6136752136752136	0.6166666666666667	0.6447574334898278	0.6589904200442153	0.6896551724137931	0.8301886792452831	0.8238453276047262	0.8111205432937181	0.6517543859649123	0.6030409356725146	0.5251023813135143	0.75	0.8062499999999999	0.8375000000000001	0.7708333333333334	0.8262195121951219	0.89375	0.6130952380952381	0.5343137254901961	0.8481132075471698	0.7363333333333333	0.6893080305484842	0.9366438356164384	0.5976027397260274	0.8156565656565655	0.8603174603174603	0.7321428571428572	0.7317916002126528	0.6857208979402917	0.625	0.7228084415584416	0.6935483870967741	0.7478070175438597	0.5403225806451613	0.8115384615384615	0.9135338345864661	0.821875	0.820940170940171	0.6428571428571428	0.7336956521739131	0.7037037037037038	0.788647342995169	0.7475198412698413	0.7514204545454546	0.78125	0.7161458333333333	0.6375	0.7052139037433155	0.7640625	0.782258064516129	0.9661654135338344	0.6912698412698413	0.8620689655172414	0.9444444444444444	0.8854166666666667	0.7068965517241379	0.6734374999999999	0.7875405844155844	0.7102272727272727	0.9375	0.8160000000000001	0.680327868852459	0.5793528505392912	0.5800000000000001	0.33080808080808083	0.715	0.6162790697674418	0.7472222222222222	0.6448979591836734	0.8	0.6346153846153847	0.8604938271604938	0.5773809523809524	0.5657894736842105	0.6417214912280702	0.8511904761904762	0.75	0.734375	0.5869822485207101	0.875	0.8567307692307692	0.656	0.8931034482758621	0.49999999999999994	0.7520091848450058	0.7182182985553772	0.3214285714285714	0.8562271062271063	0.8677325581395348	0.8936224489795918	0.8875	0.6965209890741806	0.8417052214144084	0.6774193548387097	0.7720156555772995	0.6113681427627231	0.6726190476190476	0.7160606060606061	0.944	0.8889432485322896	0.7104247104247103
GF-12L30M	0.7241379310344828	0.71875	0.6346153846153846	0.7583333333333333	0.5774647887323944	0.6420412675018423	0.4724137931034483	0.779245283018868	0.7661117078410311	0.9053480475382003	0.5925438596491227	0.6051461988304093	0.5322690732595177	0.796875	0.7562500000000001	0.93125	0.5625	0.850609756097561	0.875	0.7083333333333334	0.4843137254901961	0.8811320754716981	0.7445555555555555	0.6939365887526036	0.8784246575342466	0.6438356164383562	0.8737373737373737	0.9047619047619047	0.6011904761904763	0.638755980861244	0.7052765563526961	0.47500000000000003	0.757913961038961	0.7123655913978495	0.7690058479532164	0.489247311827957	0.6923076923076923	0.6973684210526315	0.9078125	0.8632478632478632	0.6011904761904762	0.5380434782608696	0.8222222222222223	0.748792270531401	0.7415674603174602	0.7713068181818182	0.6	0.78125	0.39999999999999997	0.7199197860962566	0.7578125000000001	0.8387096774193549	0.8872180451127819	0.6630158730158731	0.8551724137931035	0.9148148148148147	0.9635416666666666	0.6482758620689655	0.5453125	0.815137987012987	0.4431818181818182	0.7864583333333333	0.86	0.6372950819672132	0.6879815100154083	0.584	0.49242424242424243	0.788	0.626453488372093	0.5638888888888889	0.5612244897959184	0.9750000000000001	0.6055555555555556	0.8740740740740741	0.6190476190476191	0.49436090225563906	0.6189692982456141	0.9404761904761906	0.8567073170731707	0.7916666666666666	0.6668639053254437	0.7375	0.8846153846153846	0.712	0.8862068965517241	0.6369047619047619	0.6498277841561424	0.7247993579454253	0.5773809523809523	0.815018315018315	0.748546511627907	0.909438775510204	0.9625	0.6531052328924669	0.8017184401850628	0.782258064516129	0.7142857142857143	0.7580964970257766	0.7142857142857143	0.6707070707070707	0.9480000000000001	0.8918786692759295	0.6872586872586872
GF-20L95M	0.6068965517241379	0.5364583333333334	0.5764957264957264	0.55	0.5758998435054773	0.6731761238025056	0.6241379310344828	0.8037735849056604	0.8630504833512352	0.7775891341256366	0.6247368421052631	0.6394736842105263	0.5201349916578188	0.7542613636363635	0.7	0.83125	0.7916666666666667	0.7957317073170732	0.78125	0.7321428571428572	0.47352941176470587	0.8924528301886793	0.700111111111111	0.6964822957648693	0.9143835616438356	0.6678082191780822	0.8282828282828282	0.9253968253968253	0.16071428571428573	0.7963849016480595	0.643253876417496	0.44285714285714284	0.7585227272727272	0.6317204301075269	0.7185672514619883	0.4946236559139785	0.9076923076923076	0.8233082706766918	0.6953125	0.9294871794871794	0.6964285714285714	0.7391304347826086	0.837037037037037	0.7681159420289855	0.734375	0.6661931818181818	0.7625	0.7057291666666666	0.6187499999999999	0.7202540106951872	0.803125	0.8252688172043011	0.9718045112781954	0.689047619047619	0.8	0.9	0.6302083333333334	0.7724137931034483	0.6265625	0.7607548701298702	0.5454545454545454	0.9583333333333333	0.7000000000000001	0.8306010928961749	0.7103235747303545	0.628	0.5126262626262625	0.7960000000000002	0.6017441860465117	0.6611111111111111	0.7428571428571429	0.85625	0.6217948717948718	0.828395061728395	0.5892857142857143	0.6954887218045113	0.5603070175438597	0.9464285714285714	0.8125000000000001	0.7767857142857143	0.44260355029585796	0.86875	0.8182692307692307	0.6519999999999999	0.9137931034482758	0.4722222222222222	0.7141216991963261	0.7942215088282504	0.39880952380952384	0.8702686202686203	0.8372093023255814	0.8771683673469387	0.93125	0.6779758481886142	0.9206873760740251	0.7983870967741935	0.735812133072407	0.5366820885657634	0.6011904761904763	0.7348484848484849	0.964	0.8346379647749511	0.7374517374517374
BIOCONCEPTVEC-GLOVE	0.703448275862069	0.7291666666666667	0.7256410256410256	0.34444444444444444	0.5211267605633803	0.8680913780397936	0.7827586206896552	0.7792452830188679	0.6756176154672395	0.685483870967742	0.6871929824561404	0.6126900584795321	0.6129607159108145	0.6434659090909092	0.65625	0.925	0.75	0.7042682926829269	0.98125	0.7797619047619049	0.6421568627450981	0.8877358490566037	0.7237777777777779	0.6312196250867854	0.7123287671232876	0.8321917808219177	0.515151515151515	0.8761904761904762	0.369047619047619	0.6929824561403509	0.5696598009719972	0.6607142857142858	0.6385957792207793	0.6612903225806452	0.6286549707602339	0.6155913978494623	0.5615384615384615	0.7462406015037595	0.7265625	0.85	0.738095238095238	0.9239130434782609	0.6296296296296297	0.9070048309178744	0.7535962301587302	0.5752840909090909	0.78125	0.7083333333333333	0.38125	0.7804144385026738	0.609375	0.8655913978494624	0.9210526315789473	0.69	0.8379310344827586	0.837037037037037	0.43229166666666674	0.5655172413793103	0.7671875	0.6806006493506493	0.8238636363636365	0.671875	0.692	0.8073770491803278	0.7126348228043142	0.756	0.4696969696969697	0.672	0.5988372093023255	0.7944444444444445	0.836734693877551	0.9125000000000001	0.6978632478632478	0.582716049382716	0.8392857142857142	0.8383458646616542	0.6299342105263158	0.7678571428571429	0.8414634146341463	0.6640625	0.6307692307692307	0.85	0.4576923076923077	0.9279999999999999	0.9724137931034483	0.8234126984126984	0.582089552238806	0.7541733547351525	0.5357142857142857	0.7970085470085471	0.745639534883721	0.8964285714285715	0.9375	0.6958740655549167	0.8033707865168539	0.8548387096774194	0.7720156555772992	0.7296761401189689	0.9285714285714286	0.670050505050505	0.68	0.802348336594912	0.7084942084942085
GF-6L30M	0.6344827586206897	0.7031250000000001	0.6059829059829059	0.5888888888888889	0.4679186228482003	0.662490788504053	0.5551724137931034	0.8160377358490566	0.8356605800214822	0.8960101867572157	0.5892982456140352	0.6042690058479532	0.5420521765508873	0.7372159090909091	0.80625	0.875	0.78125	0.833841463414634	0.8875	0.7916666666666666	0.553921568627451	0.8962264150943396	0.6741111111111111	0.730502198565147	0.9092465753424658	0.625	0.8156565656565656	0.9206349206349207	0.511904761904762	0.7453482190324295	0.6442953020134229	0.4821428571428572	0.6572646103896104	0.7043010752688172	0.8347953216374269	0.32795698924731187	0.5461538461538462	0.8778195488721805	0.8109375	0.8940170940170941	0.625	0.5978260869565217	0.6777777777777778	0.6859903381642513	0.7555803571428572	0.7698863636363636	0.60625	0.765625	0.58125	0.6631016042780749	0.8734375	0.8844086021505376	0.881578947368421	0.6796825396825397	0.9724137931034482	0.8666666666666666	0.9114583333333334	0.6896551724137931	0.6375	0.7568993506493507	0.40340909090909094	0.859375	0.776	0.5983606557377049	0.6540832049306625	0.4	0.5101010101010102	0.8270000000000001	0.7238372093023255	0.838888888888889	0.6306122448979592	0.7812499999999999	0.5188034188034187	0.917283950617284	0.5535714285714286	0.6729323308270676	0.6888706140350876	0.8214285714285714	0.7667682926829267	0.5997023809523809	0.578698224852071	0.8875000000000001	0.7663461538461539	0.752	0.8344827586206895	0.5833333333333333	0.7399540757749713	0.7622792937399678	0.5119047619047619	0.8778998778998779	0.7848837209302326	0.9095663265306122	0.96875	0.6369321449108682	0.7766027759418374	0.771505376344086	0.7363013698630138	0.5376734963648381	0.7738095238095238	0.7322222222222223	0.92	0.8894324853228963	0.6814671814671814
GF-12L95MCANCER	0.5586206896551724	0.6145833333333334	0.6115384615384615	0.5027777777777778	0.6917057902973396	0.6096168017686072	0.5551724137931036	0.750943396226415	0.8727175080558539	0.7181663837011885	0.6762280701754386	0.605906432748538	0.5210829667829516	0.6974431818181818	0.86875	0.84375	0.8854166666666666	0.8064024390243902	0.66875	0.7023809523809523	0.49117647058823527	0.9066037735849057	0.7393333333333334	0.729923628789632	0.8664383561643836	0.6900684931506849	0.7626262626262627	0.8285714285714286	0.5952380952380953	0.7913343965975544	0.698680860911826	0.46785714285714286	0.7404626623376623	0.6774193548387096	0.7982456140350878	0.5161290322580645	0.85	0.8890977443609023	0.7375	0.8777777777777778	0.5476190476190477	0.5706521739130435	0.7259259259259259	0.7016908212560387	0.7807539682539683	0.7258522727272727	0.8625	0.6432291666666666	0.42500000000000004	0.7710561497326203	0.721875	0.771505376344086	0.8439849624060151	0.6536507936507936	0.896551724137931	0.8629629629629629	0.8645833333333333	0.6137931034482759	0.5984375000000001	0.7759740259740261	0.47727272727272724	0.9140625	0.7919999999999999	0.6762295081967212	0.6386748844375962	0.448	0.5833333333333333	0.7370000000000001	0.48546511627906974	0.6333333333333333	0.6959183673469388	0.7937500000000001	0.6807692307692308	0.7827160493827161	0.6369047619047619	0.6654135338345865	0.6614583333333333	0.7142857142857142	0.7667682926829268	0.7436755952380952	0.6094674556213018	0.84375	0.8509615384615384	0.632	0.8862068965517241	0.611111111111111	0.7164179104477613	0.7235152487961477	0.35714285714285715	0.7783882783882783	0.8561046511627907	0.8831632653061224	0.85625	0.6519551466359977	0.8797091870456047	0.5725806451612903	0.7475538160469667	0.671844018506279	0.7142857142857143	0.700050505050505	0.9560000000000001	0.8253424657534246	0.6042471042471043
SCGPT-PANCANCER	0.5793103448275863	0.5312500000000001	0.685042735042735	0.7444444444444445	0.5586854460093897	0.6702284450994842	0.5655172413793104	0.6047169811320755	0.7937701396348014	0.8739388794567063	0.6149122807017544	0.564795321637427	0.5644623085090247	0.7357954545454546	0.9187500000000001	0.96875	0.8229166666666666	0.875	0.9625	0.5773809523809523	0.6666666666666667	0.6745283018867925	0.7328888888888888	0.7364036102753992	0.9212328767123287	0.714041095890411	0.9267676767676768	0.9238095238095239	0.2738095238095238	0.709197235513025	0.7574635501041426	0.4571428571428571	0.773336038961039	0.771505376344086	0.8369883040935673	0.5483870967741935	0.7461538461538462	0.7631578947368421	0.8546874999999999	0.8423076923076923	0.5952380952380952	0.625	0.6851851851851852	0.5809178743961353	0.8093998015873015	0.7045454545454546	0.7000000000000001	0.6171875	0.45625	0.6597593582887701	0.8187499999999999	0.8118279569892473	0.9078947368421053	0.5825396825396826	0.5689655172413793	0.9666666666666667	0.8333333333333334	0.8275862068965517	0.578125	0.7067775974025974	0.5454545454545454	0.7838541666666666	0.664	0.7288251366120219	0.5208012326656395	0.504	0.15151515151515146	0.739	0.5377906976744186	0.7305555555555556	0.6	0.7625	0.5700854700854701	0.8296296296296296	0.48214285714285715	0.6278195488721805	0.6337719298245613	0.2976190476190476	0.6890243902439025	0.683779761904762	0.5964497041420118	0.96875	0.8278846153846153	0.6000000000000001	0.9862068965517242	0.6765873015873015	0.6360505166475315	0.6291332263242376	0.48809523809523814	0.6245421245421245	0.7311046511627907	0.8950255102040816	0.9500000000000001	0.6360695802185163	0.611368142762723	0.6317204301075269	0.6081213307240705	0.5409781890284203	0.8273809523809523	0.6776262626262626	0.972	0.6428571428571428	0.859073359073359
T5	0.5758620689655172	0.7968750000000001	0.5666666666666668	0.7166666666666666	0.7355242566510172	0.7219970523212971	0.6206896551724138	0.7339622641509433	0.6906552094522018	0.6761460101867572	0.642280701754386	0.627485380116959	0.6237297133323222	0.703125	0.55	0.9249999999999999	0.49479166666666663	0.8917682926829267	0.71875	0.6964285714285714	0.5421568627450981	0.5132075471698113	0.7084444444444445	0.6711409395973155	0.9126712328767124	0.8407534246575343	0.6818181818181819	0.9349206349206349	0.5119047619047619	0.7612971823498139	0.6854894700300856	0.5892857142857143	0.7140827922077922	0.7043010752688172	0.6220760233918129	0.793010752688172	0.7961538461538462	0.7424812030075187	0.590625	0.7782051282051282	0.863095238095238	0.5652173913043479	0.7407407407407408	0.5157004830917874	0.7750496031746031	0.6534090909090909	0.71875	0.8645833333333334	0.39374999999999993	0.6353609625668449	0.8015625	0.956989247311828	0.8609022556390977	0.7082539682539682	0.8482758620689655	0.9333333333333333	0.78125	0.4758620689655173	0.31562500000000004	0.7380275974025974	0.4431818181818182	0.5911458333333333	0.6920000000000001	0.8060109289617485	0.7534668721109399	0.708	0.3712121212121212	0.827	0.7093023255813953	0.8583333333333334	0.6591836734693878	0.5125	0.4739316239316239	0.671604938271605	0.30952380952380953	0.8007518796992481	0.5153508771929824	0.8095238095238095	0.6524390243902439	0.6811755952380952	0.6828402366863905	0.64375	0.8067307692307693	0.6839999999999999	0.9758620689655172	0.498015873015873	0.4374282433983927	0.6404494382022472	0.6309523809523808	0.5964590964590966	0.815406976744186	0.8474489795918366	0.80625	0.5655549166187465	0.7154659616655651	0.8763440860215054	0.45303326810176126	0.703899537343027	0.8630952380952381	0.6306565656565656	0.988	0.5958904109589042	0.9092664092664092
PPI-RAW	0.5517241379310345	0.6875	0.6487179487179487	0.6222222222222222	0.5039123630672926	0.8176123802505527	0.7068965517241379	0.8047169811320755	0.664876476906552	0.48811544991511036	0.6349122807017544	0.6066666666666666	0.579478234491127	0.6605113636363638	0.7125	0.84375	0.5520833333333333	0.676829268292683	0.65	0.4821428571428571	0.5725490196078432	0.8009433962264151	0.6664444444444444	0.7042351307567692	0.8955479452054794	0.6558219178082192	0.5101010101010102	0.838095238095238	0.7321428571428572	0.7208931419457735	0.6651238139319602	0.592857142857143	0.7169237012987013	0.4758064516129032	0.7076023391812865	0.5483870967741935	0.7846153846153846	0.7453007518796992	0.5750000000000001	0.8965811965811966	1.0	0.5543478260869565	0.6611111111111112	0.788647342995169	0.7683531746031746	0.6903409090909091	0.44375	0.78125	0.3875	0.6283422459893049	0.73515625	0.8387096774193549	0.7330827067669172	0.6614285714285715	0.8448275862068966	0.9444444444444444	0.6562499999999999	0.5137931034482759	0.5640625	0.7343750000000001	0.36363636363636365	0.34375	0.672	0.7404371584699453	0.6140215716486903	0.5640000000000001	0.45707070707070707	0.6579999999999999	0.6700581395348837	0.6972222222222223	0.8183673469387754	0.63125	0.4871794871794872	0.6432098765432099	0.7023809523809524	0.9285714285714285	0.6296600877192982	0.9166666666666667	0.7042682926829269	0.7585565476190477	0.6029585798816568	0.60625	0.7221153846153847	0.744	0.9758620689655173	0.7619047619047619	0.6659012629161882	0.6390048154093099	0.8095238095238095	0.7280219780219781	0.8372093023255814	0.8854591836734693	0.7375	0.6494393329499712	0.6999339061467285	0.739247311827957	0.6932485322896282	0.7181097157964309	0.9940476190476191	0.6373232323232323	0.66	0.799412915851272	0.945945945945946
ESMB1	0.6275862068965518	0.7812500000000001	0.6346153846153847	0.7305555555555555	0.758998435054773	0.6639646278555638	0.8448275862068966	0.6264150943396226	0.7185821697099892	0.5971986417657046	0.641140350877193	0.6194152046783625	0.5853177612619446	0.5866477272727273	0.66875	0.99375	0.6822916666666667	0.788109756097561	0.625	0.6309523809523809	0.5627450980392157	0.7415094339622641	0.7382222222222222	0.6791252024994214	0.9058219178082192	0.7157534246575343	0.6212121212121212	0.8904761904761904	0.45833333333333337	0.6807549175970228	0.6608423975931498	0.6857142857142857	0.7453327922077921	0.6559139784946236	0.7156432748538012	0.771505376344086	0.7461538461538462	0.7274436090225564	0.5796874999999999	0.829059829059829	0.7916666666666667	0.5163043478260869	0.7259259259259259	0.46980676328502413	0.7261904761904762	0.609375	0.8	0.7473958333333334	0.75	0.5919117647058824	0.8640625	0.9112903225806451	0.8421052631578947	0.6850793650793651	0.7241379310344829	0.9740740740740741	0.8958333333333333	0.47586206896551725	0.2578125	0.7295048701298701	0.5454545454545454	0.5494791666666667	0.608	0.7595628415300546	0.7912172573189522	0.708	0.3813131313131313	0.718	0.8255813953488372	0.85	0.6428571428571429	0.5687500000000001	0.5064102564102564	0.691358024691358	0.5416666666666666	0.75	0.5997807017543859	0.6607142857142857	0.6676829268292683	0.7023809523809523	0.6739644970414201	0.75	0.8134615384615385	0.32400000000000007	0.9241379310344827	0.49603174603174605	0.5287026406429391	0.6597913322632424	0.5714285714285715	0.5976800976800977	0.8662790697674418	0.870408163265306	0.8125	0.496262219666475	0.6235955056179775	0.5779569892473119	0.5728962818003914	0.7326503635161931	0.75	0.6137878787878789	0.908	0.5303326810176124	0.8590733590733591
FROGS-ARCHS4	0.5551724137931034	0.375	0.57991452991453	0.525	0.6572769953051644	0.7509211495946941	0.38620689655172413	0.8113207547169812	0.7551020408163265	0.6383701188455009	0.5328070175438595	0.5284210526315789	0.5362884877900804	0.6704545454545455	0.94375	0.8624999999999999	0.90625	0.4481707317073171	0.5874999999999999	0.6964285714285714	0.6735294117647059	0.8339622641509434	0.7144444444444444	0.7310807683406618	0.7328767123287672	0.8236301369863014	0.5631313131313131	0.6825396825396826	0.47619047619047616	0.7413609782030834	0.658412404535987	0.475	0.6966314935064934	0.5483870967741935	0.7178362573099415	0.586021505376344	0.7423076923076923	0.6973684210526315	0.7078125000000001	0.7863247863247864	0.8095238095238095	0.3967391304347826	0.45185185185185184	0.7379227053140097	0.7770337301587302	0.6321022727272727	0.88125	0.5182291666666667	0.4375	0.6851604278074866	0.7875	0.6720430107526882	0.9830827067669172	0.6682539682539683	0.8827586206896552	0.7592592592592593	0.7708333333333334	0.7172413793103448	0.5171875	0.7479707792207793	0.5454545454545454	0.7708333333333334	0.728	0.7520491803278689	0.6248073959938366	0.652	0.6464646464646464	0.7	0.5697674418604651	0.7027777777777777	0.3918367346938776	0.8937499999999999	0.6905982905982906	0.6098765432098765	0.5416666666666666	0.6635338345864662	0.727796052631579	0.8214285714285714	0.7774390243902439	0.7979910714285714	0.6668639053254437	0.7000000000000001	0.8221153846153847	0.708	0.8172413793103449	0.7579365079365079	0.74052812858783	0.6876404494382022	0.46428571428571425	0.7841880341880342	0.7674418604651163	0.870280612244898	0.96875	0.6584962622196665	0.7379378717779247	0.4543010752688172	0.687866927592955	0.6387970918704561	0.6309523809523809	0.6318686868686869	0.7839999999999999	0.8131115459882583	0.7934362934362934
ALBERT	0.7931034482758621	0.859375	0.6824786324786325	0.5694444444444444	0.8153364632237872	0.7324981577008106	0.710344827586207	0.5971698113207548	0.7317400644468314	0.6714770797962649	0.6724561403508771	0.5916959064327485	0.6104580615804641	0.6605113636363635	0.75	0.95	0.30208333333333337	0.8048780487804877	0.71875	0.7142857142857142	0.5156862745098039	0.6650943396226414	0.7351111111111112	0.6558666975237214	0.9332191780821919	0.8013698630136986	0.7045454545454546	0.8126984126984127	0.45238095238095233	0.677565124933546	0.5807683406618838	0.5571428571428572	0.6568587662337662	0.5887096774193548	0.6812865497076023	0.586021505376344	0.7653846153846154	0.599624060150376	0.5874999999999999	0.8594017094017093	0.8452380952380952	0.5869565217391305	0.7296296296296296	0.5144927536231884	0.7583085317460317	0.7286931818181819	0.41875	0.8046875	0.38125000000000003	0.48663101604278075	0.7046875000000001	0.9139784946236559	0.8496240601503758	0.6184126984126984	0.7344827586206897	0.9037037037037037	0.890625	0.5	0.30625	0.7439123376623377	0.5056818181818181	0.6796875	0.548	0.7322404371584699	0.7565485362095532	0.556	0.4318181818181818	0.792	0.625	0.7666666666666667	0.7224489795918367	0.60625	0.5876068376068375	0.6777777777777778	0.5059523809523809	0.7105263157894737	0.4983552631578948	0.6369047619047619	0.6966463414634146	0.6272321428571429	0.7692307692307693	0.6499999999999999	0.7625	0.524	0.9517241379310345	0.6388888888888888	0.5648679678530426	0.6670947030497593	0.44642857142857145	0.5644078144078144	0.8284883720930233	0.8558673469387754	0.675	0.5804341575618172	0.5399867812293456	0.7473118279569892	0.5768101761252445	0.7263714474553866	0.5595238095238095	0.5967171717171718	0.944	0.5919765166340509	0.8648648648648649
TCGA-EMBEDDING	0.496551724137931	0.6354166666666666	0.6141025641025641	0.4916666666666667	0.6651017214397495	0.6845983787767133	0.5931034482758621	0.8528301886792453	0.664876476906552	0.615025466893039	0.5681578947368422	0.5810526315789474	0.5731078416502352	0.6491477272727273	0.65	0.9874999999999999	0.640625	0.7759146341463414	0.5874999999999999	0.875	0.4794117647058823	0.7811320754716982	0.6165555555555555	0.6275167785234899	0.7842465753424658	0.6695205479452053	0.6893939393939393	0.8952380952380952	0.5238095238095237	0.7304625199362043	0.5195556584124046	0.575	0.5888798701298702	0.7688172043010753	0.587719298245614	0.553763440860215	0.6269230769230769	0.8627819548872181	0.7640625000000001	0.4948717948717949	0.625	0.5978260869565217	0.6333333333333333	0.7608695652173914	0.6309523809523809	0.7073863636363636	0.5	0.6276041666666667	0.6499999999999999	0.6092914438502673	0.8203125	0.8333333333333334	0.8327067669172932	0.6807936507936508	0.7379310344827587	0.9222222222222223	0.17187500000000003	0.6862068965517242	0.5812499999999999	0.6605113636363636	0.5284090909090909	0.71875	0.8440000000000001	0.5922131147540983	0.6078582434514638	0.5800000000000001	0.5126262626262627	0.6679999999999999	0.6744186046511628	0.5583333333333333	0.6489795918367347	0.8500000000000001	0.5551282051282052	0.7592592592592593	0.7619047619047619	0.43609022556390975	0.6244517543859649	0.7678571428571429	0.7576219512195121	0.6629464285714286	0.5479289940828402	0.83125	0.7730769230769231	0.804	0.8896551724137931	0.623015873015873	0.8392652123995409	0.6122792937399679	0.47023809523809523	0.5836385836385837	0.7674418604651163	0.811607142857143	0.81875	0.6539677975848188	0.7964309319233311	0.8655913978494624	0.5513698630136987	0.5161929940515533	0.4642857142857143	0.5982323232323232	0.84	0.5983365949119374	0.8455598455598455
SEQVEC	0.7034482758620689	0.734375	0.7012820512820512	0.7861111111111112	0.651017214397496	0.7877671333824613	0.7379310344827587	0.6349056603773584	0.5942534908700322	0.5280135823429541	0.6005263157894738	0.575204678362573	0.568064613984529	0.578125	0.7125000000000001	0.875	0.5989583333333334	0.7804878048780489	0.55	0.5059523809523809	0.5088235294117647	0.7264150943396226	0.6943333333333334	0.6234667900948855	0.7756849315068494	0.636986301369863	0.5909090909090908	0.8888888888888888	0.47023809523809523	0.604199893673578	0.6284424901643139	0.7321428571428572	0.5838068181818181	0.456989247311828	0.5964912280701754	0.7016129032258065	0.826923076923077	0.7030075187969924	0.684375	0.8264957264957264	0.9226190476190477	0.592391304347826	0.8222222222222222	0.4432367149758454	0.7688492063492062	0.5596590909090909	0.78125	0.6979166666666666	0.30625	0.580548128342246	0.653125	0.7983870967741935	0.7838345864661653	0.6341269841269842	0.8344827586206897	0.8740740740740741	0.8385416666666666	0.696551724137931	0.34687500000000004	0.710836038961039	0.4829545454545454	0.5598958333333333	0.58	0.6536885245901639	0.600924499229584	0.5960000000000001	0.33585858585858586	0.555	0.7659883720930233	0.7722222222222223	0.6020408163265306	0.5125	0.4717948717948718	0.7160493827160493	0.6964285714285714	0.7161654135338347	0.5208333333333333	0.7797619047619048	0.6234756097560976	0.7068452380952381	0.5822485207100592	0.775	0.6913461538461538	0.452	0.9862068965517241	0.5734126984126984	0.5442020665901263	0.5500802568218298	0.6547619047619048	0.5161782661782661	0.870639534883721	0.7876275510204083	0.6375	0.5577199539965497	0.5978189028420358	0.8467741935483871	0.4794520547945206	0.7233972240581625	0.9226190476190477	0.6181818181818182	0.9079999999999999	0.5841487279843445	0.8610038610038611
GENE2VEC	0.6413793103448275	0.34375	0.5051282051282051	0.6583333333333333	0.7230046948356808	0.6764922623434045	0.4689655172413793	0.9103773584905661	0.667561761546724	0.6702037351443124	0.45850877192982453	0.5444444444444444	0.5147504929470651	0.7457386363636364	0.65	0.86875	0.6822916666666666	0.8323170731707318	0.61875	0.5416666666666667	0.46372549019607845	0.8509433962264151	0.6231111111111111	0.6224253644989585	0.7414383561643836	0.4143835616438356	0.6893939393939394	0.8952380952380953	0.22023809523809523	0.5824029771398193	0.5823883360333256	0.4357142857142857	0.7183441558441559	0.8252688172043011	0.6140350877192982	0.5564516129032258	0.7769230769230769	0.7481203007518797	0.771875	0.7200854700854701	0.6488095238095237	0.5706521739130435	0.8296296296296297	0.6159420289855073	0.6356646825396826	0.6860795454545454	0.65	0.49999999999999994	0.6	0.6768048128342246	0.696875	0.7150537634408602	0.8740601503759398	0.6833333333333333	0.7827586206896553	0.737037037037037	0.5	0.5931034482758621	0.5765625	0.6020698051948052	0.42045454545454547	0.7994791666666666	0.664	0.7472677595628415	0.6486902927580894	0.616	0.4065656565656566	0.831	0.6933139534883721	0.8527777777777777	0.6571428571428571	0.8375	0.7393162393162394	0.7345679012345678	0.6904761904761905	0.669172932330827	0.6439144736842104	0.7678571428571428	0.7804878048780488	0.6878720238095238	0.5431952662721893	0.8062499999999999	0.5807692307692308	0.516	0.9689655172413794	0.6825396825396826	0.5740528128587831	0.5976725521669342	0.6428571428571428	0.637057387057387	0.6991279069767442	0.8456632653061225	0.8562500000000001	0.6295284646348476	0.7362855254461335	0.6639784946236559	0.5220156555772995	0.5138797091870456	0.6011904761904762	0.6196969696969697	0.976	0.426614481409002	0.6351351351351351
ESM2	0.6	0.7135416666666667	0.5858974358974358	0.6666666666666666	0.7902973395931142	0.751105379513633	0.5344827586206897	0.7028301886792453	0.4906015037593985	0.5144312393887945	0.6232456140350877	0.5926315789473684	0.5760655240406493	0.48153409090909094	0.6	0.8499999999999999	0.5052083333333334	0.7621951219512195	0.65625	0.42857142857142855	0.5941176470588235	0.7018867924528303	0.6638888888888889	0.68294376301782	0.8390410958904111	0.738013698630137	0.48989898989898983	0.9555555555555555	0.3630952380952381	0.6456671982987772	0.6250867854663271	0.6928571428571428	0.7191558441558441	0.6021505376344086	0.557748538011696	0.6801075268817204	0.7076923076923076	0.7593984962406015	0.6046875	0.7598290598290599	0.9226190476190477	0.7554347826086958	0.7666666666666667	0.501207729468599	0.7934027777777778	0.6789772727272727	0.44375000000000003	0.828125	0.34375	0.5691844919786097	0.8671875	0.9220430107526882	0.6729323308270677	0.7258730158730159	0.7344827586206897	0.8962962962962963	0.7552083333333333	0.5379310344827586	0.2765625	0.7217938311688312	0.4090909090909091	0.671875	0.596	0.8278688524590163	0.6602465331278891	0.524	0.3712121212121212	0.756	0.8226744186046512	0.6916666666666667	0.5897959183673469	0.5875	0.46923076923076934	0.6382716049382715	0.5535714285714286	0.75	0.5405701754385965	0.7142857142857142	0.6798780487804879	0.6402529761904762	0.6195266272189349	0.73125	0.7298076923076924	0.516	0.8999999999999999	0.3492063492063492	0.5378874856486797	0.6397271268057785	0.4583333333333333	0.5384615384615384	0.867732558139535	0.8655612244897959	0.8125	0.5539821736630248	0.6239259748843358	0.8521505376344087	0.6012720156555773	0.6992729676140119	0.9047619047619048	0.6123232323232323	0.8360000000000001	0.6301369863013698	0.7451737451737451
XLNET	0.8310344827586207	0.8020833333333335	0.5448717948717948	0.6777777777777778	0.6823161189358372	0.7446573323507738	0.7241379310344828	0.6518867924528302	0.6573576799140708	0.5759762308998303	0.6430701754385965	0.5851461988304093	0.5664720157743061	0.53125	0.53125	0.91875	0.765625	0.7850609756097561	0.5687500000000001	0.7202380952380952	0.40294117647058825	0.7160377358490566	0.7527777777777778	0.6471881508909976	0.761986301369863	0.565068493150685	0.4393939393939394	0.8476190476190476	0.26785714285714285	0.6927166400850612	0.5919925943068735	0.6	0.6398133116883117	0.5188172043010753	0.5899122807017544	0.6182795698924731	0.7807692307692308	0.75	0.5421875	0.7935897435897435	0.7857142857142857	0.6630434782608696	0.8148148148148149	0.4927536231884058	0.7185019841269842	0.828125	0.8625	0.7109375	0.48125	0.6480614973262032	0.7296874999999999	0.903225806451613	0.8345864661654135	0.6950793650793651	0.7344827586206897	0.9222222222222223	0.8333333333333334	0.6965517241379311	0.3359375	0.6546266233766234	0.5056818181818181	0.546875	0.56	0.5662568306010929	0.709553158705701	0.504	0.41666666666666663	0.671	0.7005813953488372	0.6027777777777777	0.610204081632653	0.5375	0.4337606837606838	0.6617283950617283	0.40476190476190477	0.6278195488721805	0.48410087719298256	0.8511904761904762	0.6265243902439024	0.6934523809523809	0.7964497041420119	0.68125	0.6461538461538461	0.5800000000000001	0.9482758620689654	0.5892857142857142	0.4931113662456946	0.6373996789727127	0.5952380952380952	0.5146520146520146	0.8677325581395349	0.7806122448979592	0.79375	0.593372627947096	0.5855915399867812	0.5672043010752689	0.5547945205479452	0.7062128222075347	0.6428571428571429	0.5665151515151515	0.9359999999999999	0.6071428571428572	0.8127413127413128
BERT-BFD	0.793103448275862	0.8020833333333334	0.6064102564102564	0.7194444444444444	0.704225352112676	0.7352616064848931	0.6068965517241379	0.5660377358490567	0.664876476906552	0.5755517826825127	0.6320175438596491	0.5946783625730994	0.5475883512816624	0.5596590909090909	0.51875	0.7875000000000001	0.375	0.8323170731707318	0.5687500000000001	0.5654761904761905	0.5970588235294118	0.6018867924528302	0.6763333333333333	0.595001157139551	0.8767123287671234	0.779109589041096	0.6439393939393939	0.9333333333333333	0.4523809523809524	0.5946305156831473	0.6523952788706318	0.6535714285714286	0.6592938311688312	0.5510752688172043	0.5285087719298246	0.6962365591397849	0.6499999999999999	0.7631578947368423	0.47500000000000003	0.8393162393162393	0.75	0.548913043478261	0.7444444444444445	0.4879227053140096	0.7545882936507937	0.7997159090909092	0.8812500000000001	0.7421875	0.5375	0.6002673796791445	0.8140625	0.9838709677419355	0.8157894736842105	0.6396825396825396	0.6241379310344828	0.8666666666666666	0.6041666666666666	0.5655172413793104	0.32499999999999996	0.7258522727272728	0.38068181818181823	0.7161458333333333	0.5680000000000001	0.7240437158469946	0.7295839753466872	0.616	0.45707070707070707	0.805	0.75	0.6861111111111111	0.6816326530612244	0.6625	0.5846153846153846	0.7123456790123457	0.3392857142857143	0.8082706766917294	0.5219298245614035	0.9404761904761905	0.6615853658536585	0.6692708333333333	0.7455621301775148	0.6124999999999999	0.7240384615384615	0.52	0.8827586206896552	0.503968253968254	0.43570608495981633	0.5730337078651685	0.5595238095238095	0.550976800976801	0.8619186046511629	0.8002551020408164	0.7875	0.5927975848188614	0.4877726371447456	0.728494623655914	0.5352250489236791	0.5988103106411105	0.5059523809523809	0.5954040404040405	0.8480000000000001	0.5092954990215264	0.7837837837837838
BERT-PFAM	0.6310344827586207	0.765625	0.5846153846153845	0.7777777777777778	0.679186228482003	0.7846352247605011	0.8379310344827586	0.6367924528301887	0.6509129967776583	0.47156196943972833	0.5663157894736842	0.5881871345029239	0.5397011982405582	0.47301136363636365	0.475	0.8062499999999999	0.7083333333333333	0.7408536585365854	0.6937500000000001	0.5357142857142858	0.49411764705882355	0.5556603773584905	0.6265555555555555	0.5450127285350612	0.8476027397260275	0.5256849315068493	0.4848484848484848	0.8539682539682539	0.2857142857142857	0.6406166932482722	0.46216153668132376	0.6357142857142857	0.6296672077922079	0.7876344086021505	0.530701754385965	0.7526881720430108	0.6653846153846154	0.5620300751879699	0.628125	0.8068376068376069	0.9821428571428571	0.6902173913043479	0.7185185185185186	0.6123188405797102	0.7304067460317462	0.6122159090909092	0.8812500000000001	0.8020833333333334	0.625	0.5003342245989304	0.690625	0.8118279569892473	0.87406015037594	0.5407936507936508	0.6482758620689655	0.9074074074074074	0.75	0.6586206896551725	0.26093750000000004	0.6956168831168832	0.5852272727272727	0.5182291666666666	0.68	0.7110655737704917	0.49537750385208	0.472	0.4217171717171717	0.7200000000000001	0.7819767441860466	0.7527777777777778	0.6081632653061224	0.5875	0.4341880341880342	0.5419753086419754	0.6130952380952381	0.8402255639097744	0.5328947368421053	0.7559523809523809	0.5289634146341463	0.6268601190476191	0.4905325443786982	0.7750000000000001	0.6913461538461538	0.5559999999999999	0.9620689655172414	0.5853174603174603	0.6320321469575201	0.6195826645264848	0.5238095238095238	0.5952380952380953	0.7921511627906977	0.766454081632653	0.75625	0.5333525014376078	0.5446133509583608	0.8844086021505377	0.74706457925636	0.6976206212822207	0.6488095238095238	0.6340404040404041	0.648	0.639921722113503	0.8436293436293436
UNIREP	0.46206896551724136	0.7656250000000001	0.5068376068376068	0.4111111111111111	0.6353677621283255	0.7323139277818718	0.6862068965517242	0.5660377358490566	0.4763694951664876	0.6455857385398981	0.5580701754385965	0.6345029239766082	0.5760655240406491	0.6718750000000001	0.6125	0.9	0.7291666666666666	0.8353658536585366	0.425	0.5952380952380952	0.6009803921568628	0.5386792452830189	0.5877777777777777	0.5939597315436241	0.8253424657534247	0.6917808219178082	0.5303030303030303	0.9079365079365078	0.4107142857142857	0.6547049441786283	0.5840083314047674	0.5928571428571429	0.6446834415584417	0.4435483870967742	0.533625730994152	0.6209677419354839	0.7115384615384616	0.41541353383458646	0.459375	0.6918803418803419	0.6666666666666666	0.5434782608695652	0.6666666666666667	0.5893719806763285	0.6667906746031746	0.6690340909090908	0.54375	0.6770833333333333	0.6312500000000001	0.5688502673796793	0.5640625	0.6989247311827956	0.8477443609022557	0.5992063492063492	0.6758620689655173	0.8444444444444444	0.5833333333333333	0.7241379310344827	0.44531249999999994	0.6637581168831168	0.5965909090909091	0.4817708333333333	0.6080000000000001	0.7151639344262295	0.699537750385208	0.5880000000000001	0.5303030303030303	0.643	0.7063953488372093	0.6749999999999999	0.5408163265306123	0.5687500000000001	0.3876068376068376	0.7592592592592593	0.7678571428571429	0.7838345864661654	0.5106907894736843	0.7559523809523809	0.7088414634146342	0.6770833333333333	0.6497041420118344	0.6375	0.7384615384615385	0.704	0.9	0.5099206349206349	0.7158438576349024	0.6385232744783306	0.5892857142857143	0.4072039072039072	0.7805232558139534	0.8058673469387755	0.7	0.6155836687751581	0.6305353602115003	0.760752688172043	0.5083170254403131	0.7362855254461336	0.6428571428571428	0.6361616161616162	0.7	0.5371819960861057	0.7142857142857143
LEARNED-VEC	0.6379310344827587	0.5625	0.7123931623931623	0.7583333333333333	0.564945226917058	0.7693441414885778	0.6724137931034483	0.6405660377358491	0.5472610096670247	0.5301358234295416	0.5238596491228071	0.5764912280701755	0.5353405126649476	0.3465909090909091	0.39375	0.7000000000000001	0.5677083333333333	0.6067073170731707	0.3875	0.38095238095238093	0.43333333333333335	0.6462264150943396	0.6385555555555555	0.47627863920388797	0.8458904109589042	0.45376712328767127	0.6792929292929293	0.8380952380952382	0.36309523809523814	0.5871876661350346	0.5856283267762092	0.7178571428571429	0.5900974025974025	0.5456989247311828	0.5343567251461988	0.7016129032258065	0.7230769230769231	0.6334586466165413	0.6281249999999999	0.7863247863247864	0.988095238095238	0.7554347826086957	0.8592592592592593	0.5640096618357487	0.702876984126984	0.5241477272727273	0.6875	0.8463541666666667	0.3125	0.5421122994652406	0.7578125	0.6935483870967741	0.900375939849624	0.5744444444444445	0.8034482758620689	0.7555555555555555	0.6927083333333334	0.4344827586206897	0.315625	0.6976461038961039	0.5340909090909092	0.609375	0.472	0.569672131147541	0.5554699537750385	0.6320000000000001	0.44191919191919193	0.613	0.7398255813953488	0.8583333333333334	0.39795918367346933	0.46875	0.4743589743589744	0.5679012345679012	0.6666666666666667	0.8327067669172932	0.5167214912280702	0.8035714285714286	0.46341463414634143	0.5197172619047619	0.4958579881656805	0.6124999999999999	0.8413461538461539	0.904	0.9137931034482758	0.5138888888888888	0.5206659012629162	0.5359550561797752	0.6309523809523809	0.5796703296703296	0.809593023255814	0.7362244897959183	0.6749999999999999	0.5724554341575617	0.5548578982154659	0.9220430107526882	0.5009784735812133	0.5161929940515532	0.5535714285714286	0.5690909090909091	0.8280000000000001	0.6179060665362035	0.5386100386100386
CPC-PROT	0.7724137931034483	0.8489583333333333	0.6448717948717949	0.7666666666666666	0.6056338028169014	0.7030213706705969	0.5896551724137931	0.6669811320754717	0.4476369495166488	0.46646859083191855	0.548859649122807	0.5472514619883042	0.4537388138935235	0.4318181818181818	0.5	0.81875	0.4895833333333333	0.6875000000000001	0.39375	0.375	0.48333333333333334	0.5160377358490567	0.583	0.5429298773432076	0.8099315068493151	0.40753424657534254	0.5606060606060606	0.7555555555555555	0.5178571428571429	0.6079213184476342	0.5630641055311271	0.6785714285714286	0.6747159090909092	0.6317204301075269	0.5307017543859649	0.6908602150537635	0.7730769230769231	0.7274436090225563	0.5609375000000001	0.7931623931623932	0.9047619047619048	0.7554347826086957	0.7962962962962963	0.427536231884058	0.6924603174603174	0.5951704545454545	0.8625	0.7447916666666666	0.6	0.6540775401069518	0.64375	0.8844086021505376	0.8665413533834586	0.539047619047619	0.5862068965517242	0.8666666666666667	0.625	0.4965517241379311	0.3578125	0.6708603896103896	0.3522727272727273	0.5729166666666667	0.664	0.7192622950819672	0.5731895223420648	0.376	0.5227272727272727	0.696	0.5930232558139535	0.7972222222222223	0.6489795918367347	0.525	0.41752136752136754	0.5419753086419754	0.6428571428571429	0.6672932330827067	0.5852521929824561	0.7559523809523809	0.4496951219512195	0.6398809523809523	0.44911242603550294	0.5375	0.6692307692307693	0.696	0.9172413793103449	0.5436507936507937	0.513203214695752	0.5274478330658106	0.6904761904761905	0.5573870573870574	0.7848837209302326	0.6807397959183674	0.4875	0.5477285796434732	0.5561797752808989	0.7419354838709677	0.4799412915851272	0.6774619960343689	0.45833333333333337	0.6101010101010101	0.748	0.6046966731898239	0.7741312741312741
HMMER	0.796551724137931	0.5677083333333334	0.4888888888888889	0.4805555555555555	0.6948356807511736	0.6710574797347089	0.806896551724138	0.5971698113207548	0.562298603651987	0.5785229202037352	0.5612719298245613	0.5484210526315789	0.5724821780676476	0.7059659090909091	0.70625	0.76875	0.8697916666666667	0.7271341463414634	0.5687500000000001	0.3333333333333333	0.4117647058823529	0.4160377358490566	0.6208888888888889	0.595579726915066	0.7294520547945206	0.601027397260274	0.5606060606060606	0.6642857142857143	0.47023809523809523	0.6881977671451355	0.646783152048137	0.5642857142857143	0.5949675324675324	0.4327956989247312	0.5548245614035088	0.7379032258064516	0.7346153846153847	0.5977443609022557	0.6453125	0.8081196581196582	0.8690476190476191	0.4945652173913043	0.5074074074074074	0.45893719806763283	0.5814732142857143	0.6065340909090909	0.35	0.7213541666666666	0.63125	0.6398729946524063	0.46249999999999997	0.6559139784946236	0.5225563909774436	0.6398412698412698	0.6689655172413793	0.8851851851851852	0.5208333333333333	0.7413793103448276	0.35	0.5460633116883117	0.7727272727272727	0.4348958333333333	0.548	0.7431693989071038	0.7738828967642527	0.64	0.4267676767676768	0.7425	0.6482558139534883	0.8666666666666667	0.6285714285714286	0.725	0.5305555555555554	0.6796296296296296	0.3571428571428572	0.7293233082706767	0.5518092105263157	0.3571428571428571	0.510670731707317	0.6272321428571429	0.5541420118343195	0.7	0.49423076923076925	0.656	0.7448275862068965	0.5297619047619048	0.5602755453501722	0.6204654895666132	0.4910714285714286	0.480006105006105	0.8444767441860466	0.7878826530612245	0.6875	0.5381684876365728	0.6411103767349636	0.5967741935483871	0.6462818003913895	0.5642762723066754	0.9226190476190477	0.5639141414141415	0.524	0.47015655577299414	0.6737451737451737
AAC	0.613793103448276	0.6354166666666666	0.7153846153846154	0.6833333333333333	0.5414710485133021	0.7636330140014738	0.7931034482758621	0.5660377358490566	0.5861976369495167	0.46731748726655353	0.5453508771929825	0.5439766081871344	0.5084559381161838	0.4460227272727273	0.525	0.525	0.48958333333333337	0.698170731707317	0.6749999999999999	0.3214285714285714	0.5078431372549019	0.5773584905660378	0.554	0.5593612589678315	0.7157534246575342	0.386986301369863	0.6136363636363636	0.7603174603174603	0.27976190476190477	0.6496544391281234	0.556236982180051	0.6892857142857143	0.6296672077922079	0.5080645161290323	0.6052631578947368	0.6801075268817205	0.7884615384615384	0.674812030075188	0.5140625	0.7752136752136751	0.7857142857142858	0.75	0.7407407407407408	0.5036231884057971	0.6717509920634921	0.5042613636363636	0.8937499999999999	0.6953125	0.23750000000000002	0.5902406417112299	0.6703125	0.8225806451612904	0.87593984962406	0.590952380952381	0.5931034482758621	0.7592592592592593	0.6302083333333333	0.5655172413793104	0.39687500000000003	0.7402597402597403	0.375	0.5807291666666667	0.396	0.7329234972677595	0.5654853620955316	0.472	0.40909090909090906	0.653	0.7325581395348838	0.8333333333333334	0.5	0.53125	0.5384615384615384	0.5802469135802469	0.36309523809523814	0.7443609022556391	0.5792214912280702	0.8273809523809523	0.4496951219512195	0.6000744047619048	0.4881656804733727	0.5625	0.6567307692307692	0.656	0.9241379310344828	0.628968253968254	0.6354764638346728	0.5240770465489566	0.6488095238095238	0.572039072039072	0.8444767441860466	0.7612244897959184	0.725	0.49906555491661875	0.48116325181758096	0.8279569892473118	0.5019569471624266	0.686384666226041	0.5357142857142857	0.5701010101010101	0.904	0.6306262230919765	0.43629343629343625
PFAM	0.6327586206896552	0.7213541666666667	0.6664529914529914	0.5138888888888888	0.5422535211267605	0.6268422991893884	0.9344827586206896	0.5212264150943396	0.5868689581095595	0.5806451612903226	0.5682456140350878	0.5505847953216374	0.6041824662520856	0.6747159090909091	0.521875	0.66875	0.4244791666666667	0.8338414634146342	0.28437500000000004	0.6130952380952381	0.5549019607843138	0.3981132075471698	0.5281111111111111	0.5045128442490164	0.6960616438356164	0.5659246575342466	0.43813131313131315	0.5047619047619047	0.3005952380952381	0.7210260499734185	0.5069428373061792	0.5910714285714286	0.6434659090909092	0.45161290322580644	0.5504385964912281	0.657258064516129	0.6	0.6569548872180451	0.5078125	0.792094017094017	0.8541666666666666	0.5597826086956521	0.4981481481481482	0.5658212560386473	0.5914558531746031	0.7151988636363636	0.6031249999999999	0.6875	0.66875	0.5477941176470588	0.5859375	0.7244623655913979	0.5563909774436091	0.6696825396825397	0.7258620689655172	0.4648148148148148	0.7994791666666666	0.7448275862068965	0.30000000000000004	0.6118100649350651	0.8011363636363636	0.5130208333333333	0.6240000000000001	0.5744535519125683	0.7838983050847458	0.36400000000000005	0.5252525252525253	0.6545	0.6947674418604651	0.7166666666666667	0.7051020408163264	0.60625	0.4536324786324786	0.6450617283950618	0.8690476190476191	0.6776315789473684	0.6214364035087719	0.39880952380952384	0.5099085365853658	0.7049851190476191	0.6695266272189349	0.84375	0.5019230769230769	0.8380000000000001	0.9103448275862069	0.5902777777777778	0.6053386911595867	0.6173354735152489	0.48511904761904756	0.4508547008547008	0.8662790697674418	0.7712372448979592	0.546875	0.5437751581368603	0.666226040978189	0.4838709677419355	0.5863502935420744	0.5695637805684071	0.7380952380952381	0.598030303030303	0.556	0.5154109589041096	0.6370656370656371
KSEP	0.5448275862068965	0.734375	0.3897435897435897	0.4305555555555556	0.6369327073552425	0.7266028002947679	0.28620689655172415	0.6113207547169812	0.5904940923737916	0.42954159592529706	0.6094736842105263	0.5563742690058479	0.5083801001061732	0.6491477272727273	0.7125	0.78125	0.5052083333333333	0.5091463414634146	0.45	0.130952380952381	0.5686274509803922	0.49245283018867925	0.5827777777777778	0.539805600555427	0.8630136986301371	0.678082191780822	0.45454545454545453	0.665079365079365	0.4583333333333333	0.6087187666135034	0.5962740106456839	0.6821428571428572	0.6663961038961039	0.575268817204301	0.5555555555555556	0.6290322580645161	0.8346153846153846	0.5244360902255638	0.5421875	0.7239316239316239	0.7023809523809523	0.7445652173913043	0.662962962962963	0.46376811594202894	0.6765873015873016	0.7002840909090909	0.53125	0.6354166666666667	0.2625	0.5651737967914439	0.646875	0.7473118279569892	0.9417293233082706	0.5830158730158731	0.6034482758620691	0.8037037037037036	0.41145833333333337	0.6517241379310345	0.2390625	0.6517857142857143	0.4943181818181818	0.44791666666666663	0.8320000000000001	0.71448087431694	0.7110939907550078	0.5	0.23737373737373738	0.7020000000000001	0.7136627906976745	0.6472222222222221	0.7	0.7625	0.42606837606837605	0.6259259259259259	0.7083333333333333	0.6842105263157894	0.5167214912280702	0.6964285714285714	0.600609756097561	0.6160714285714286	0.6437869822485207	0.6	0.45	0.644	0.7724137931034483	0.5753968253968254	0.6016073478760046	0.6605136436597111	0.5059523809523809	0.4645909645909646	0.8197674418604652	0.7261479591836735	0.7625000000000001	0.5644767107533065	0.5664243225380039	0.6666666666666667	0.6262230919765166	0.6731658955717118	0.5297619047619048	0.611919191919192	0.748	0.6448140900195695	0.5482625482625483
PROTVEC	0.5172413793103448	0.5729166666666667	0.6615384615384616	0.7166666666666667	0.5492957746478873	0.7096536477523949	0.28620689655172415	0.6509433962264151	0.5093984962406015	0.46052631578947373	0.5829824561403509	0.5697076023391813	0.5134991657818899	0.7443181818181819	0.7687499999999999	0.8687499999999999	0.4583333333333333	0.4405487804878049	0.3125	0.35714285714285715	0.5441176470588236	0.4188679245283019	0.5777777777777777	0.5381856051839853	0.9126712328767123	0.3715753424657534	0.5681818181818181	0.7730158730158729	0.3869047619047619	0.6432748538011696	0.5234899328859061	0.6321428571428571	0.5355113636363635	0.7795698924731183	0.557748538011696	0.5161290322580645	0.7884615384615384	0.6071428571428572	0.5406249999999999	0.7256410256410256	0.7321428571428572	0.5760869565217391	0.7555555555555556	0.49275362318840576	0.6831597222222222	0.5667613636363636	0.575	0.6770833333333333	0.32499999999999996	0.5474598930481284	0.48906249999999996	0.5618279569892473	0.9530075187969924	0.5152380952380953	0.6344827586206896	0.6222222222222222	0.75	0.4793103448275862	0.2484375	0.6917613636363636	0.5909090909090909	0.515625	0.47200000000000003	0.6297814207650273	0.5816640986132511	0.504	0.43939393939393934	0.709	0.6773255813953488	0.8138888888888889	0.5857142857142856	0.4875	0.6094017094017093	0.8061728395061727	0.4523809523809524	0.7086466165413534	0.5235745614035087	0.7797619047619048	0.48780487804878053	0.5807291666666667	0.6142011834319526	0.5375000000000001	0.6865384615384617	0.632	0.8310344827586208	0.5892857142857143	0.5964408725602756	0.5132423756019262	0.49404761904761907	0.5170940170940171	0.7994186046511627	0.6838010204081633	0.6937500000000001	0.5672800460034504	0.5128883013879709	0.739247311827957	0.5626223091976517	0.7296761401189689	0.20833333333333334	0.568989898989899	0.864	0.5934442270058709	0.5328185328185328
BLAST	0.5568965517241379	0.6458333333333334	0.4858974358974359	0.5277777777777778	0.7402190923317683	0.6544767870302137	0.3448275862068966	0.6415094339622641	0.6506444683136412	0.5403225806451613	0.5627192982456142	0.5356140350877192	0.5673062338844229	0.53125	0.65625	0.45625	0.8854166666666667	0.801829268292683	0.5375	0.16666666666666666	0.7607843137254902	0.3971698113207547	0.5426666666666666	0.5127863920388799	0.577054794520548	0.4229452054794521	0.4924242424242424	0.49523809523809526	0.2023809523809524	0.7118553960659224	0.5681555195556584	0.5285714285714286	0.6694399350649352	0.5806451612903225	0.570906432748538	0.8225806451612904	0.5038461538461538	0.468984962406015	0.3171875	0.8076923076923078	0.8333333333333333	0.48641304347826086	0.5074074074074074	0.5628019323671498	0.6512276785714285	0.5411931818181818	0.44375	0.6354166666666667	0.48125	0.5721925133689838	0.5375	0.46639784946236557	0.6240601503759399	0.6885714285714286	0.5586206896551724	0.7851851851851852	0.6197916666666666	0.7931034482758621	0.2828125	0.6507711038961038	0.6818181818181819	0.5572916666666667	0.764	0.5232240437158471	0.5138674884437596	0.628	0.36363636363636365	0.5710000000000001	0.5784883720930232	0.7333333333333334	0.6448979591836734	0.7250000000000001	0.5735042735042736	0.5950617283950617	0.5148809523809523	0.6635338345864661	0.6602247807017544	0.3154761904761905	0.569359756097561	0.7079613095238094	0.5946745562130177	0.7875	0.5163461538461538	0.504	0.5379310344827586	0.7023809523809523	0.7370838117106774	0.6238764044943821	0.4166666666666667	0.43101343101343104	0.7114825581395349	0.7214923469387755	0.66875	0.5180779183438758	0.6245869134170522	0.45698924731182794	0.600293542074364	0.6817580964970258	0.7380952380952381	0.6249494949494949	0.39999999999999997	0.5658023483365949	0.7007722007722008
APAAC	0.38275862068965516	0.5364583333333334	0.5094017094017094	0.6527777777777778	0.5289514866979655	0.7057848194546794	0.6137931034482759	0.6339622641509435	0.6092910848549946	0.4410016977928693	0.5728947368421053	0.5732163742690058	0.49264371302897014	0.4616477272727273	0.7625	0.85	0.5208333333333333	0.4908536585365854	0.45	0.30952380952380953	0.5990196078431372	0.5037735849056604	0.516	0.538995602869706	0.809931506849315	0.4691780821917808	0.48484848484848486	0.792063492063492	0.38095238095238093	0.6002126528442318	0.5126128211062253	0.5571428571428572	0.6410308441558442	0.5026881720430108	0.5592105263157895	0.521505376344086	0.8038461538461538	0.5601503759398496	0.525	0.6747863247863248	0.7083333333333333	0.6467391304347826	0.6777777777777778	0.5229468599033816	0.6873759920634921	0.6178977272727273	0.5125000000000001	0.7708333333333334	0.20625	0.5578208556149733	0.66875	0.6209677419354839	0.9492481203007518	0.522063492063492	0.7310344827586207	0.6037037037037037	0.515625	0.48275862068965514	0.2578125	0.6905438311688311	0.4772727272727273	0.5859375	0.516	0.6188524590163935	0.6671802773497688	0.6000000000000001	0.3257575757575758	0.687	0.7834302325581395	0.6972222222222222	0.5489795918367347	0.525	0.49358974358974356	0.6358024691358024	0.45238095238095233	0.5488721804511278	0.5035635964912281	0.5952380952380953	0.5396341463414633	0.6123511904761905	0.5615384615384615	0.4375	0.6932692307692309	0.656	0.8586206896551725	0.7003968253968254	0.6435132032146957	0.5516051364365971	0.5357142857142857	0.5015262515262516	0.8619186046511627	0.7008928571428571	0.6812499999999999	0.5505319148936171	0.4203569068076669	0.6451612903225806	0.5259295499021527	0.5875743555849305	0.40476190476190477	0.5475252525252524	0.78	0.5743639921722113	0.4034749034749034
