	connective tissue disease	lower respiratory tract disease	autoimmune disease	primary immunodeficiency disease	autosomal genetic disease	autosomal dominant disease	organ system cancer	cell type cancer	kidney disease	carcinoma	skin disease	brain disease	heart disease	intrinsic cardiomyopathy	cardiomyopathy	autosomal recessive disease	X-linked dominant disease	X-linked monogenic disease	bone disease	bone remodeling disease	congenital nervous system abnormality	bone marrow disease	hematologic cancer	dysostosis	bone development disease	osteochondrodysplasia	X-linked recessive disease	motor neuron disease	neurodegenerative disease	neuromuscular disease	Charcot-Marie-Tooth disease type 2	Charcot-Marie-Tooth disease	neuropathy	anemia	aplastic anemia	myopathy	muscular disease	muscular dystrophy	muscle tissue disease	cerebellar disease	eye degenerative disease	macular degeneration	retinal degeneration	eye disease	retinal disease	tooth disease	mouth disease	spinal disease	artery disease	vascular disease	developmental disorder of mental health	syndromic X-linked intellectual disability	intellectual disability	specific developmental disorder	syndromic intellectual disability	heart conduction disease	cerebellar ataxia	hereditary ataxia	autosomal recessive cerebellar ataxia	gonadal disease	disorder of sexual development	autosomal dominant cerebellar ataxia	paraplegia	hereditary spastic paraplegia	digenic disease	severe combined immunodeficiency	combined immunodeficiency	B cell deficiency	agammaglobulinemia	congenital myopathy	blood coagulation disease	ciliopathy	Joubert syndrome	epilepsy	nonsyndromic deafness	autosomal dominant nonsyndromic deafness	auditory system disease	leukodystrophy	cerebral degeneration	developmental and epileptic encephalopathy	electroclinical syndrome	autosomal dominant intellectual developmental disorder	spermatogenic failure	male reproductive system disease	male infertility	congenital disorder of glycosylation	lens disease	cataract	autosomal recessive intellectual developmental disorder	non-syndromic X-linked intellectual disability	non-syndromic intellectual disability	autosomal recessive nonsyndromic deafness	primary ciliary dyskinesia	retinitis pigmentosa	intestinal disease	gastrointestinal system cancer	female reproductive system disease	ovarian disease	dilated cardiomyopathy	congenital hypoplastic anemia	colorectal cancer	intestinal cancer	large intestine cancer
GENEPT-MODEL3	0.8404974123059229	0.9413793103448276	0.9161585365853658	0.9846938775510203	0.7089905960867586	0.7016666666666667	0.9275976418570375	0.7172413793103448	0.8949483352468428	0.988095238095238	0.8412828947368421	0.8455303030303031	0.9625668449197862	0.989622641509434	1.0	0.7220467836257309	0.674731182795699	0.8348896434634974	0.8705160842397593	0.9142857142857144	0.8444444444444444	0.928	0.9510204081632654	0.7473958333333333	0.8778409090909091	0.8025956284153006	0.7814327485380117	0.6388888888888888	0.7736507936507936	0.9337278106508875	0.7708333333333333	0.9758522727272727	0.813615333773959	0.9590000000000001	0.9731182795698925	0.9103422619047619	0.9056353003721425	0.9613899613899615	0.9745538664904164	0.9604938271604937	0.8737769080234834	0.75	0.8546966731898239	0.9396468699839486	0.9279609279609279	0.96875	0.9821428571428572	0.7916666666666667	0.828125	0.7296874999999999	0.8772777777777778	0.6944444444444444	0.9007936507936508	0.8810460541541311	0.8353658536585367	0.9782608695652174	0.934659090909091	0.8568627450980393	0.9166666666666667	0.8875192604006163	0.7727272727272727	0.6302083333333334	0.9433139534883721	0.8531976744186046	0.7903225806451613	0.9874999999999999	0.9421875	0.9520000000000001	1.0	0.8538461538461539	0.9454887218045113	0.9888888888888889	1.0	0.906047077922078	0.9076923076923077	0.7611111111111111	0.8008547008547009	0.7296296296296296	0.6793103448275862	0.9636752136752137	0.9054779806659505	0.8647260273972602	0.9830827067669173	0.8759615384615385	0.9625	0.996551724137931	1.0	1.0	0.9400684931506849	0.875	0.99375	0.8560250391236306	0.992	0.8743961352657004	0.8333333333333334	0.9906015037593985	0.8280000000000001	0.81875	1.0	0.9851851851851852	1.0	0.9523809523809523	0.8333333333333333
BIOCONCEPTVEC-FASTTEXT	0.7625071880391029	0.8896551724137931	0.9390243902439024	0.9931122448979591	0.6498938267859851	0.6643859649122807	0.915806927044952	0.8620689655172413	0.9684270952927669	0.8452380952380952	0.8377192982456141	0.8669191919191919	0.8686497326203209	0.9584905660377359	0.999056603773585	0.6844444444444444	0.6317204301075269	0.8595076400679117	0.8301319139088175	0.9892857142857142	0.9305555555555556	0.964	0.9122448979591837	0.7630208333333333	0.8863636363636364	0.8428961748633881	0.7748538011695907	0.6616161616161615	0.823015873015873	0.8988165680473373	0.8020833333333334	0.9446022727272727	0.8671513549239921	0.927	0.8844086021505375	0.953125	0.9319510898458268	0.9903474903474904	0.9890945142101785	0.9481481481481482	0.9892367906066537	0.90625	0.8987279843444227	0.891653290529695	0.9181929181929182	0.76875	0.9940476190476191	0.7083333333333334	0.953125	0.80625	0.8778888888888889	0.76010101010101	0.8835565476190477	0.8429761629252488	0.7179878048780488	0.9836956521739131	0.919034090909091	0.8480392156862745	0.9702380952380952	0.8682588597842835	0.9204545454545454	0.6666666666666667	0.8764534883720929	0.9040697674418605	0.6263440860215054	0.975	0.9031250000000001	0.832	0.79375	0.8538461538461538	0.9887218045112782	0.9746031746031747	1.0	0.8545048701298701	0.8965811965811966	0.6222222222222222	0.8683760683760684	0.9296296296296297	0.8344827586206897	0.9196581196581196	0.8504296455424274	0.8955479452054794	0.9962406015037595	0.8451923076923077	0.9921875	0.9275862068965517	0.9192708333333333	1.0	0.952054794520548	0.96875	1.0	0.8841940532081377	1.0	0.967391304347826	0.7757936507936507	0.9849624060150377	0.9079999999999999	0.90625	0.8862068965517241	0.9851851851851853	0.9285714285714286	1.0	0.7023809523809523
BIOCONCEPTVEC-CBOW	0.7655980448533641	0.9655172413793103	0.9359756097560976	0.9857142857142857	0.6514485059912027	0.7176315789473685	0.9299926308032425	0.8482758620689655	0.9799081515499426	0.8452380952380953	0.8275767543859649	0.8194444444444445	0.8409090909090909	0.9566037735849058	0.9849056603773585	0.6654970760233918	0.8413978494623655	0.8068760611205433	0.8619532515621384	0.8928571428571429	0.8638888888888889	0.9159999999999999	0.8959183673469389	0.6614583333333334	0.8717532467532467	0.9262295081967213	0.7353801169590644	0.5833333333333333	0.8261904761904761	0.9295857988165681	0.703125	0.8920454545454546	0.8760740251156642	0.964	0.9381720430107527	0.9259672619047619	0.9574694311536417	0.9884169884169884	0.9702577660277594	0.8839506172839506	0.9608610567514677	0.8937499999999999	0.8899217221135031	0.8356340288924559	0.9648962148962149	0.8187500000000001	0.9523809523809523	0.6964285714285714	0.9583333333333334	0.8	0.8238888888888888	0.6994949494949495	0.8846726190476191	0.8191390881740338	0.7591463414634146	0.9945652173913043	0.8764204545454546	0.8117647058823529	0.9761904761904762	0.8143297380585517	0.9261363636363635	0.734375	0.877906976744186	0.8909883720930232	0.5591397849462366	0.96875	0.8921875	0.832	0.75	0.926923076923077	0.9849624060150376	0.9603174603174602	1.0	0.8760146103896105	0.7688034188034187	0.6083333333333334	0.8038461538461539	0.9111111111111111	0.8965517241379309	0.9572649572649573	0.8582169709989259	0.934931506849315	0.9830827067669173	0.7913461538461539	0.95	0.9620689655172414	0.9244791666666667	0.978494623655914	0.9537671232876712	0.96875	1.0	0.7777777777777777	0.984	0.9722222222222222	0.8353174603174602	0.9266917293233083	0.936	0.7937500000000001	0.9379310344827587	0.9703703703703703	0.9702380952380952	1.0	0.761904761904762
BIOCONCEPTVEC-SKIP-GRAM	0.7285796434732604	0.9655172413793104	0.9253048780487805	0.9894132653061224	0.6494767177309269	0.6764035087719299	0.9150700073691969	0.8517241379310344	0.9810562571756603	0.880952380952381	0.8379934210526315	0.8632323232323232	0.8880347593582887	0.9481132075471698	1.0	0.6636842105263158	0.7016129032258064	0.7877758913412564	0.7979634343901875	0.9714285714285715	0.8916666666666667	0.964	0.9061224489795918	0.7552083333333333	0.8583603896103895	0.8121584699453551	0.7894736842105262	0.654040404040404	0.8404761904761904	0.8840236686390532	0.8020833333333333	0.8991477272727273	0.7997356245869134	0.907	0.9059139784946237	0.9587053571428571	0.9098883572567783	0.9768339768339768	0.9378717779246529	0.9395061728395061	0.966242661448141	0.80625	0.8923679060665363	0.8384430176565009	0.9395604395604394	0.80625	0.988095238095238	0.8214285714285715	0.96875	0.775	0.8564444444444445	0.6388888888888888	0.8514384920634921	0.8089562601249711	0.7210365853658536	0.9891304347826088	0.8792613636363636	0.8607843137254901	0.8690476190476191	0.8343605546995378	0.9488636363636364	0.6822916666666666	0.8822674418604651	0.8386627906976745	0.6774193548387096	0.9874999999999999	0.9125000000000001	0.836	0.80625	0.8346153846153846	0.9849624060150376	0.9650793650793651	0.99375	0.9030032467532467	0.841025641025641	0.6611111111111111	0.8670940170940171	0.8703703703703703	0.7896551724137932	0.9243589743589744	0.8638560687432868	0.9058219178082192	0.9680451127819549	0.8663461538461539	0.9765625	0.9448275862068967	0.9322916666666666	0.9516129032258065	0.9743150684931506	0.9375	1.0	0.8794992175273865	0.98	0.9516908212560387	0.7797619047619048	0.9849624060150376	0.8	0.86875	0.9206896551724137	0.9925925925925926	0.9226190476190477	0.9702380952380952	0.7797619047619048
GENEPT-ADA	0.8030477285796435	0.8448275862068967	0.9009146341463414	0.9674744897959183	0.6559987865918399	0.6791228070175438	0.8638540899042004	0.7482758620689656	0.8547646383467279	0.8928571428571429	0.8190789473684211	0.7396212121212121	0.8679812834224598	0.9660377358490566	0.9877358490566038	0.6526900584795321	0.5456989247311828	0.7359932088285229	0.8197176579495487	0.8178571428571428	0.6472222222222221	0.808	0.8938775510204082	0.65625	0.8084415584415584	0.8688524590163934	0.6834795321637427	0.5404040404040404	0.7738095238095238	0.8088757396449704	0.71875	0.9517045454545455	0.7987442167878388	0.891	0.8440860215053764	0.8017113095238095	0.8596491228070176	0.8764478764478765	0.9140779907468606	0.8592592592592593	0.8820939334637965	0.675	0.8297455968688845	0.9203852327447832	0.8989621489621489	0.9500000000000001	1.0	0.8095238095238095	0.7916666666666666	0.53125	0.8239444444444445	0.7878787878787878	0.8509424603174602	0.8562832677620922	0.8521341463414634	0.9565217391304348	0.8991477272727273	0.8156862745098039	0.6607142857142857	0.9060092449922958	0.7897727272727272	0.8229166666666667	0.8444767441860466	0.8372093023255814	0.6424731182795699	0.8500000000000001	0.7859375000000001	0.9680000000000001	0.9625	0.7230769230769232	0.8966165413533835	0.9793650793650793	1.0	0.7932224025974026	0.9235042735042734	0.711111111111111	0.7188034188034188	0.7259259259259259	0.5310344827586208	0.9487179487179488	0.8431793770139635	0.7910958904109588	0.9097744360902256	0.7557692307692307	0.9328125	0.9827586206896551	0.9973958333333334	0.9381720430107527	0.8321917808219178	0.8	0.8937499999999999	0.7433489827856026	0.984	0.9045893719806762	0.6845238095238095	0.9454887218045113	0.732	0.8500000000000001	0.8551724137931034	0.9703703703703703	1.0	0.9821428571428572	0.7261904761904762
MUT2VEC	0.6786946520989074	0.8689655172413793	0.9679878048780487	0.957780612244898	0.6513726679811922	0.6342105263157894	0.9110169491525424	0.8517241379310345	0.8530424799081515	0.8095238095238095	0.6946271929824561	0.75989898989899	0.8459224598930482	0.9037735849056604	0.8716981132075472	0.6538011695906432	0.8225806451612903	0.7971137521222411	0.8072205507984263	0.7928571428571429	0.8222222222222222	1.0	0.9510204081632653	0.796875	0.7686688311688311	0.7841530054644809	0.7807017543859649	0.4949494949494949	0.7836507936507937	0.8248520710059172	0.8385416666666666	0.875	0.73694646397885	0.917	0.8413978494623655	0.8058035714285714	0.8442317916002127	0.9613899613899615	0.9448116325181758	0.8024691358024691	0.913894324853229	0.81875	0.8620352250489236	0.8138844301765651	0.8452380952380952	0.8375	0.9107142857142856	0.6309523809523809	0.8072916666666667	0.7	0.7677777777777778	0.7575757575757576	0.7993551587301587	0.7123351076139782	0.7423780487804879	0.9293478260869565	0.7329545454545454	0.7019607843137254	0.7738095238095237	0.7765793528505394	0.7840909090909091	0.7239583333333334	0.9186046511627907	0.7456395348837209	0.7634408602150538	0.9125000000000001	0.8125	0.9159999999999999	0.9750000000000001	0.773076923076923	0.9849624060150376	0.8714285714285714	1.0	0.7934253246753247	0.77008547008547	0.5361111111111111	0.638034188034188	0.8	0.6965517241379311	0.847008547008547	0.8316326530612246	0.9315068493150684	0.825187969924812	0.7461538461538462	0.7015625	0.8655172413793104	0.9765625	0.7983870967741935	0.8150684931506849	0.85	0.6125	0.8482003129890454	0.868	0.9444444444444444	0.7976190476190477	0.9210526315789473	0.644	0.575	0.9620689655172413	0.9925925925925927	0.7738095238095238	1.0	0.6964285714285714
MASHUP	0.6968803910293272	0.6241379310344828	0.7271341463414634	0.9345663265306123	0.6762475352646746	0.6509649122807019	0.8034266764922623	0.9137931034482758	0.8645235361653273	0.6845238095238095	0.6206140350877193	0.681439393939394	0.81951871657754	0.8830188679245283	0.9330188679245284	0.6532748538011696	0.9596774193548387	0.9698641765704584	0.6935894468872946	0.6785714285714286	0.8194444444444444	0.92	0.8653061224489796	0.8333333333333334	0.8327922077922078	0.7903005464480874	0.9926900584795322	0.41666666666666663	0.7457142857142857	0.6994082840236686	0.84375	0.7485795454545455	0.8575677461996034	0.8170000000000001	0.9569892473118279	0.8005952380952381	0.7796384901648059	0.9131274131274132	0.8324520819563781	0.6814814814814815	0.8248532289628181	0.65	0.7328767123287672	0.7570626003210272	0.7793040293040293	0.78125	0.8333333333333333	0.6130952380952381	0.75	0.69375	0.8347777777777778	1.0	0.8327132936507936	0.8544318444804443	0.9634146341463414	0.6684782608695652	0.7400568181818181	0.5980392156862745	0.8869047619047619	0.763482280431433	0.5113636363636364	0.9166666666666666	0.8488372093023255	0.7921511627906976	0.6317204301075269	0.9375	0.8203125	0.8280000000000001	0.8937499999999999	0.7153846153846154	0.9473684210526316	0.7746031746031746	0.9750000000000001	0.7615665584415585	0.735897435897436	0.5111111111111111	0.6273504273504273	0.7296296296296296	0.6206896551724138	0.888034188034188	0.6979054779806659	0.9571917808219177	0.7406015037593985	0.6769230769230768	0.775	1.0	0.7942708333333333	0.9301075268817204	0.7363013698630136	1.0	0.99375	0.5837245696400626	0.988	0.8019323671497584	0.6170634920634921	0.7387218045112782	0.7200000000000001	0.8375	0.903448275862069	0.962962962962963	0.8035714285714286	0.8571428571428571	0.5476190476190476
SCGPT-HUMAN	0.7055779183438758	0.7379310344827587	0.8475609756097561	0.8838010204081633	0.5842560291217959	0.6373684210526316	0.6403831982313928	0.603448275862069	0.8289322617680827	0.75	0.6795504385964912	0.7540909090909091	0.7269385026737968	0.9037735849056604	0.9037735849056604	0.5964912280701754	0.6397849462365591	0.8085738539898133	0.6577181208053692	0.48928571428571427	0.875	0.616	0.6795918367346938	0.859375	0.7286931818181819	0.7424863387978141	0.7375730994152047	0.4015151515151515	0.7184126984126984	0.8165680473372781	0.7864583333333333	0.8565340909090908	0.6768010575016523	0.854	0.7983870967741935	0.7105654761904762	0.8211057947900052	0.8088803088803088	0.8278255122273628	0.928395061728395	0.8992172211350293	0.8	0.8546966731898239	0.7573033707865169	0.8669108669108669	0.70625	0.9464285714285715	0.6249999999999999	0.8645833333333333	0.6171875	0.7822222222222223	0.6590909090909091	0.8069196428571429	0.722402221707938	0.8490853658536585	0.6358695652173914	0.6193181818181819	0.6794117647058824	0.6547619047619048	0.6687211093990755	0.5568181818181818	0.7395833333333333	0.8953488372093024	0.6308139534883721	0.6559139784946236	0.85625	0.7984374999999999	0.652	0.7500000000000001	0.7038461538461538	0.9304511278195489	0.8904761904761904	0.9874999999999999	0.8096590909090909	0.702991452991453	0.6361111111111111	0.6153846153846154	0.662962962962963	0.8206896551724139	0.8816239316239317	0.8619763694951665	0.9366438356164384	0.8101503759398496	0.7538461538461538	0.8	0.9655172413793104	0.8203125	0.868279569892473	0.8698630136986301	0.875	0.775	0.5774647887323943	0.996	0.782608695652174	0.5317460317460317	0.7180451127819548	0.6120000000000001	0.75	0.8827586206896552	0.8925925925925926	0.5833333333333333	0.7619047619047619	0.2976190476190476
NODE2VEC	0.6539677975848188	0.7103448275862069	0.7408536585365854	0.9201530612244898	0.636963446079175	0.6221052631578947	0.8513264554163595	0.7655172413793103	0.5924225028702641	0.9166666666666667	0.6636513157894737	0.673030303030303	0.7479946524064172	0.780188679245283	0.819811320754717	0.6718713450292397	0.6989247311827957	0.654923599320883	0.7104836843323306	0.5857142857142857	0.8138888888888889	0.9520000000000001	0.7897959183673469	0.796875	0.8311688311688311	0.7739071038251366	0.6264619883040935	0.5050505050505051	0.7247619047619047	0.8029585798816568	0.53125	0.6917613636363636	0.7293456708526108	0.754	0.9193548387096775	0.7284226190476191	0.6759702286018076	0.8938223938223937	0.8146067415730336	0.8382716049382716	0.74853228962818	0.7999999999999999	0.7940313111545988	0.6764044943820224	0.8354700854700854	0.6625000000000001	0.9404761904761906	0.5714285714285715	0.796875	0.784375	0.676111111111111	0.4772727272727273	0.7857142857142857	0.6702152279564915	0.7073170731707317	0.7717391304347826	0.7017045454545455	0.6480392156862745	0.75	0.6956856702619414	0.4090909090909091	0.7864583333333334	0.809593023255814	0.7223837209302325	0.596774193548387	0.8937499999999999	0.8625	0.8280000000000001	0.93125	0.8923076923076924	0.8496240601503761	0.9349206349206348	0.99375	0.6558441558441559	0.6670940170940172	0.5833333333333333	0.6542735042735043	0.8481481481481482	0.6793103448275862	0.8264957264957266	0.7505370569280343	0.8253424657534246	0.7293233082706767	0.7480769230769231	0.7390625000000001	0.9758620689655173	0.6848958333333333	0.7956989247311828	0.6558219178082192	0.6124999999999999	0.7812499999999999	0.5852895148669797	0.768	0.7765700483091786	0.8452380952380952	0.8721804511278195	0.644	0.15625	0.9448275862068966	0.9777777777777777	0.9940476190476191	0.9940476190476191	0.8452380952380952
BIOCONCEPTVEC-GLOVE	0.6897642323174239	0.8793103448275863	0.8628048780487806	0.9261479591836734	0.6073866221750341	0.6857017543859649	0.8697494473102432	0.7931034482758621	0.7824339839265212	0.7559523809523809	0.6274671052631579	0.6664646464646465	0.785427807486631	0.8773584905660378	0.8613207547169812	0.611812865497076	0.6048387096774194	0.7406621392190152	0.6527424207359408	0.7642857142857142	0.6666666666666666	0.928	0.7938775510204081	0.625	0.6639610389610389	0.7042349726775956	0.6769005847953217	0.38383838383838376	0.6079365079365079	0.685207100591716	0.59375	0.5909090909090908	0.6110376734963648	0.73	0.9301075268817205	0.6800595238095238	0.6578947368421052	0.7046332046332047	0.8089887640449439	0.7185185185185186	0.8126223091976518	0.9187500000000001	0.8424657534246576	0.7126003210272873	0.7967032967032968	0.83125	0.7738095238095237	0.47023809523809523	0.7760416666666667	0.8296875	0.7555555555555555	0.5126262626262625	0.7553323412698413	0.6529738486461467	0.6478658536585367	0.8315217391304348	0.7372159090909092	0.6676470588235294	0.8511904761904762	0.7057010785824345	0.7727272727272728	0.671875	0.7514534883720929	0.7209302325581396	0.532258064516129	0.88125	0.7468750000000001	0.772	0.9500000000000001	0.5884615384615384	0.9323308270676691	0.8714285714285713	0.95	0.731737012987013	0.7183760683760684	0.7166666666666667	0.7504273504273504	0.6814814814814816	0.7517241379310344	0.8568376068376068	0.6844790547798066	0.7910958904109588	0.6766917293233082	0.4951923076923077	0.71875	0.9827586206896552	0.7135416666666666	0.7956989247311828	0.7739726027397261	0.6000000000000001	0.85	0.6165884194053208	0.756	0.8864734299516909	0.8055555555555556	0.8421052631578947	0.592	0.49375	0.9103448275862069	0.8962962962962964	0.9464285714285714	0.9464285714285714	0.5297619047619048
GF-12L95M	0.7073749281196091	0.7448275862068966	0.6707317073170732	0.886734693877551	0.5321173972394965	0.5797368421052631	0.6919675755342667	0.5413793103448276	0.830654420206659	0.6071428571428571	0.6184210526315789	0.7232323232323232	0.706216577540107	0.8650943396226415	0.8547169811320754	0.5922807017543859	0.7204301075268817	0.8132427843803056	0.7791020597084009	0.6142857142857143	0.7916666666666667	0.824	0.6836734693877551	0.9635416666666666	0.7195616883116883	0.7855191256830601	0.7902046783625731	0.32575757575757575	0.6936507936507936	0.6295857988165681	0.5572916666666666	0.7997159090909092	0.6123595505617978	0.782	0.8225806451612903	0.7440476190476191	0.7432216905901116	0.693050193050193	0.8218770654329147	0.8753086419753086	0.8820939334637964	0.7375	0.7749510763209393	0.7184590690208668	0.8253968253968254	0.78125	0.9285714285714286	0.6428571428571428	0.9479166666666666	0.690625	0.7557777777777779	0.8838383838383839	0.769717261904762	0.6960194399444574	0.8201219512195123	0.592391304347826	0.71875	0.5676470588235294	0.7619047619047619	0.576271186440678	0.45454545454545453	0.7447916666666666	0.8517441860465116	0.6584302325581396	0.5349462365591398	0.88125	0.7859375	0.804	0.8374999999999999	0.7769230769230768	0.900375939849624	0.8999999999999999	0.9125	0.8035714285714286	0.6837606837606839	0.5944444444444444	0.6397435897435897	0.7222222222222222	0.7965517241379311	0.8666666666666667	0.8348549946294307	0.9537671232876713	0.9417293233082706	0.8730769230769231	0.796875	0.7965517241379311	0.625	0.6048387096774194	0.696917808219178	0.8375	0.9187500000000001	0.596244131455399	0.9520000000000001	0.7379227053140096	0.5575396825396826	0.6203007518796992	0.552	0.7	0.9172413793103449	0.9518518518518518	0.7261904761904762	0.6488095238095238	0.30952380952380953
GF-6L30M	0.6607245543415756	0.6413793103448275	0.7057926829268293	0.891454081632653	0.535871378735022	0.5928947368421054	0.6523581429624171	0.6275862068965518	0.74052812858783	0.5833333333333334	0.6762609649122807	0.7107070707070707	0.6928475935828877	0.8915094339622641	0.840566037735849	0.5819883040935672	0.7688172043010753	0.8539898132427844	0.6533209905114558	0.6678571428571429	0.8861111111111111	0.796	0.6428571428571428	0.78125	0.6672077922077922	0.6243169398907104	0.8318713450292398	0.4873737373737374	0.6568253968253969	0.6585798816568048	0.6666666666666666	0.7897727272727273	0.5112359550561798	0.771	0.9543010752688172	0.6190476190476191	0.7381711855396066	0.6718146718146718	0.8129543952412426	0.8753086419753087	0.8527397260273973	0.80625	0.7690802348336595	0.7369181380417336	0.844017094017094	0.625	0.9226190476190477	0.5416666666666667	0.7447916666666667	0.5765625	0.7342222222222223	0.7626262626262627	0.7844742063492064	0.7560749826429067	0.8871951219512195	0.6413043478260869	0.8139204545454546	0.5382352941176471	0.869047619047619	0.6910631741140216	0.5340909090909092	0.7604166666666666	0.7456395348837209	0.7587209302325582	0.33064516129032256	0.93125	0.8515625	0.6679999999999999	0.625	0.6461538461538462	0.8703007518796991	0.942857142857143	0.94375	0.781047077922078	0.6405982905982907	0.725	0.5363247863247863	0.7518518518518519	0.7275862068965517	0.9153846153846154	0.9062835660580021	0.8955479452054795	0.8740601503759398	0.8634615384615384	0.8515625	0.8206896551724139	0.7317708333333333	0.7956989247311828	0.6061643835616438	0.8875000000000001	0.81875	0.4679186228482003	0.976	0.7318840579710144	0.5456349206349206	0.6785714285714286	0.56	0.35625	0.9862068965517241	0.8962962962962963	0.7440476190476191	0.8035714285714285	0.5178571428571429
GF-12L95MCANCER	0.715281771132835	0.7551724137931035	0.7027439024390244	0.8771683673469388	0.537463976945245	0.638859649122807	0.6530950626381724	0.5517241379310345	0.7686567164179104	0.6428571428571428	0.6288377192982456	0.7152525252525253	0.7426470588235294	0.9198113207547169	0.7745283018867924	0.6116959064327485	0.6774193548387096	0.7533955857385398	0.730386484610044	0.5178571428571429	0.7055555555555556	0.744	0.6999999999999998	0.8854166666666666	0.703125	0.7233606557377049	0.8450292397660819	0.5505050505050505	0.6993650793650794	0.6502958579881657	0.578125	0.7769886363636364	0.735624586913417	0.799	0.7983870967741935	0.7165178571428572	0.778575225943647	0.6795366795366795	0.8688037012557832	0.8493827160493828	0.9031311154598826	0.65	0.7592954990215265	0.7003210272873195	0.858974358974359	0.81875	0.8571428571428572	0.5297619047619048	0.953125	0.5109375	0.7214444444444444	0.9090909090909091	0.7888144841269842	0.7195093728303633	0.7972560975609757	0.6032608695652173	0.7173295454545454	0.5098039215686274	0.7619047619047619	0.6694915254237288	0.45454545454545453	0.6302083333333333	0.8953488372093024	0.5	0.5241935483870968	0.8812500000000001	0.7703125	0.76	0.7937500000000001	0.7961538461538462	0.862781954887218	0.8984126984126983	0.9	0.7658279220779222	0.6846153846153846	0.5944444444444444	0.6576923076923077	0.7444444444444445	0.8620689655172413	0.9294871794871795	0.8458646616541353	0.9126712328767124	0.8721804511278196	0.8634615384615385	0.746875	0.810344827586207	0.6328125	0.5698924731182795	0.6678082191780822	0.91875	0.73125	0.701095461658842	0.9520000000000001	0.7294685990338163	0.6388888888888888	0.6917293233082706	0.45999999999999996	0.44375000000000003	0.9310344827586208	0.9185185185185185	0.6845238095238095	0.7857142857142858	0.3869047619047619
GF-12L30M	0.661012075905693	0.4896551724137931	0.8643292682926829	0.9205357142857142	0.5334445624146822	0.605	0.5810611643330877	0.4862068965517241	0.6796785304247991	0.625	0.6362390350877193	0.6737878787878788	0.7012032085561497	0.8735849056603774	0.7669811320754717	0.6035087719298246	0.7849462365591398	0.8416808149405771	0.7202036565609812	0.6035714285714286	0.6888888888888889	0.712	0.6387755102040817	0.8125	0.7672483766233766	0.6885245901639344	0.736842105263158	0.345959595959596	0.7295238095238095	0.6284023668639054	0.734375	0.8153409090909091	0.5885657633840052	0.821	0.9005376344086022	0.7492559523809523	0.6547049441786283	0.6930501930501931	0.7062128222075347	0.8160493827160494	0.8659491193737769	0.5812499999999999	0.74706457925636	0.7047351524879615	0.811050061050061	0.725	0.9404761904761905	0.6428571428571428	0.859375	0.47187500000000004	0.7702222222222223	0.888888888888889	0.744171626984127	0.7283036334181903	0.8125	0.4510869565217391	0.7514204545454546	0.44215686274509813	0.6488095238095237	0.7627118644067796	0.5284090909090908	0.890625	0.7936046511627906	0.6976744186046511	0.4811827956989247	0.99375	0.921875	0.8360000000000001	0.9500000000000001	0.6269230769230769	0.8533834586466166	0.9126984126984127	0.9874999999999999	0.8214285714285714	0.6329059829059829	0.5666666666666667	0.6047008547008548	0.8666666666666667	0.5689655172413793	0.8482905982905982	0.8227712137486574	0.9263698630136986	0.8421052631578947	0.8653846153846154	0.7578125	0.8827586206896552	0.7578125	0.7876344086021505	0.6917808219178082	0.84375	0.8875	0.5492957746478874	0.988	0.7282608695652174	0.5535714285714286	0.5601503759398496	0.5	0.375	0.8862068965517241	0.9333333333333333	0.7797619047619048	0.6011904761904762	0.5654761904761905
GF-20L95M	0.6735192639447959	0.7172413793103448	0.8003048780487805	0.8875	0.5282117397239496	0.6296491228070177	0.6621223286661755	0.5793103448275863	0.8013777267508612	0.6488095238095237	0.5589364035087718	0.7260606060606061	0.7018716577540107	0.9245283018867925	0.8132075471698113	0.6088888888888889	0.6102150537634409	0.7550933786078099	0.7115251099282573	0.55	0.6277777777777778	0.788	0.7224489795918367	0.9479166666666666	0.7648133116883117	0.8346994535519126	0.766812865497076	0.46212121212121215	0.7087301587301588	0.49822485207100586	0.4947916666666667	0.7713068181818181	0.6513549239920687	0.831	0.8575268817204301	0.6555059523809523	0.8245614035087718	0.6911196911196911	0.9193654990085922	0.8407407407407408	0.8395303326810176	0.8125	0.7025440313111546	0.7780898876404495	0.8595848595848596	0.75625	0.9226190476190477	0.30952380952380953	0.8593750000000001	0.5984375	0.7207777777777777	0.861111111111111	0.7351190476190477	0.698102291136311	0.7484756097560976	0.6847826086956522	0.7045454545454546	0.4823529411764706	0.7678571428571429	0.6825885978428352	0.4147727272727273	0.5260416666666667	0.8444767441860465	0.6511627906976745	0.45967741935483875	0.9	0.784375	0.7040000000000001	0.78125	0.8230769230769232	0.9248120300751879	0.8793650793650793	0.8624999999999999	0.7832792207792207	0.6444444444444445	0.4361111111111111	0.6213675213675214	0.8037037037037037	0.7551724137931034	0.9311965811965812	0.8770139634801289	0.952054794520548	0.8515037593984962	0.85	0.8671875	0.9068965517241379	0.5833333333333333	0.7016129032258065	0.6746575342465754	0.80625	0.69375	0.5289514866979655	0.968	0.7886473429951689	0.5178571428571428	0.6390977443609023	0.68	0.58125	0.8241379310344829	0.8777777777777778	0.6071428571428571	0.7857142857142857	0.38690476190476186
PPI-RAW	0.6316129959746981	0.803448275862069	0.5807926829268293	0.900765306122449	0.5577506446230852	0.6290350877192983	0.843036109064112	0.8586206896551725	0.6894374282433984	0.7559523809523809	0.566611842105263	0.6801010101010101	0.749331550802139	0.810377358490566	0.8094339622641509	0.6042105263157895	0.5591397849462365	0.5008488964346349	0.6768109233973617	0.6535714285714286	0.7166666666666667	0.888	0.8040816326530612	0.375	0.7692775974025974	0.712431693989071	0.6286549707602339	0.45707070707070707	0.6766666666666666	0.6597633136094675	0.6354166666666666	0.7428977272727273	0.7174487772637145	0.6950000000000001	0.8387096774193548	0.783110119047619	0.661084529505582	0.9285714285714286	0.849636483807006	0.7530864197530864	0.7744618395303328	0.6	0.689334637964775	0.6510433386837882	0.6529304029304029	0.4375	0.9285714285714286	0.5178571428571428	0.5052083333333334	0.7203124999999999	0.6506666666666667	0.5328282828282829	0.7848462301587302	0.6409395973154363	0.7408536585365854	0.6521739130434783	0.7088068181818181	0.6049019607843138	0.6785714285714286	0.6078582434514638	0.4943181818181818	0.5729166666666666	0.883720930232558	0.7267441860465117	0.5806451612903226	0.81875	0.71875	0.6200000000000001	0.7249999999999999	0.7538461538461538	0.7330827067669173	0.8301587301587302	0.99375	0.7299107142857143	0.6465811965811966	0.6111111111111112	0.5294871794871795	0.8814814814814815	0.5344827586206896	0.8948717948717948	0.6992481203007519	0.9075342465753424	0.736842105263158	0.7317307692307692	0.6882812500000001	0.9862068965517241	0.8046875	0.7365591397849462	0.5941780821917808	0.7375	0.6624999999999999	0.5383411580594679	0.732	0.8128019323671497	0.7261904761904762	0.9172932330827068	0.52	0.36250000000000004	0.8275862068965518	0.9592592592592593	1.0	1.0	0.8690476190476191
T5	0.5879097182288672	0.7758620689655172	0.6615853658536586	0.8767857142857143	0.6312755953283785	0.6471052631578947	0.7278924097273397	0.8448275862068966	0.7342135476463835	0.7857142857142857	0.5625	0.6456060606060606	0.6133021390374331	0.7566037735849056	0.7084905660377359	0.6442690058479532	0.6370967741935484	0.6740237691001698	0.6724137931034483	0.75	0.8333333333333334	0.5680000000000001	0.6142857142857143	0.6145833333333333	0.6866883116883117	0.7165300546448088	0.6820175438596492	0.2904040404040404	0.6974603174603174	0.6674556213017752	0.71875	0.7556818181818181	0.7290152015862525	0.8140000000000001	0.9032258064516128	0.6938244047619048	0.766347687400319	0.8359073359073359	0.7191011235955057	0.6666666666666666	0.5640900195694716	0.6499999999999999	0.5821917808219179	0.6406099518459069	0.5631868131868132	0.8375	0.7321428571428572	0.636904761904762	0.5729166666666667	0.37187499999999996	0.7215555555555555	0.6616161616161615	0.7867063492063492	0.7182365193242305	0.8765243902439025	0.532608695652174	0.6931818181818182	0.5156862745098039	0.7142857142857144	0.7149460708782742	0.3636363636363636	0.7083333333333333	0.8226744186046513	0.7267441860465116	0.7526881720430108	0.825	0.6140625	0.6839999999999999	0.54375	0.7153846153846154	0.7988721804511277	0.9349206349206349	0.99375	0.7449269480519481	0.6491452991452992	0.7083333333333333	0.5376068376068376	0.725925925925926	0.496551724137931	0.8072649572649573	0.6831364124597207	0.9246575342465754	0.7011278195488722	0.8038461538461539	0.803125	0.9724137931034482	0.7395833333333333	0.7150537634408602	0.8715753424657535	0.65	0.9	0.7026604068857589	0.992	0.48550724637681164	0.5535714285714285	0.7537593984962406	0.6839999999999999	0.4875	0.9448275862068966	0.925925925925926	0.8630952380952381	0.886904761904762	0.6428571428571428
ESMB1	0.5174669350201265	0.7172413793103447	0.6554878048780488	0.8858418367346939	0.5973760048536326	0.6841228070175438	0.7159174649963155	0.8517241379310345	0.6618828932261768	0.7916666666666667	0.6266447368421053	0.6494949494949495	0.5912433155080213	0.7339622641509433	0.6518867924528302	0.6411111111111112	0.7204301075268817	0.5691850594227504	0.6495024299930572	0.7392857142857143	0.8138888888888889	0.6559999999999999	0.6673469387755102	0.5989583333333334	0.7463474025974026	0.7636612021857924	0.6871345029239766	0.3813131313131313	0.73	0.7455621301775148	0.7604166666666667	0.8352272727272727	0.7267019167217449	0.6960000000000001	0.935483870967742	0.7581845238095238	0.7424242424242424	0.8667953667953668	0.6427627230667547	0.6555555555555556	0.4652641878669276	0.7125	0.6374755381604696	0.589967897271268	0.5283882783882783	0.79375	0.6607142857142858	0.3571428571428571	0.6979166666666667	0.2734375	0.7338888888888889	0.6136363636363636	0.7359871031746031	0.6770423513075677	0.7484756097560976	0.4293478260869565	0.6576704545454546	0.6617647058823529	0.6785714285714286	0.7403697996918336	0.7386363636363636	0.8958333333333334	0.8866279069767442	0.816860465116279	0.8225806451612903	0.925	0.6078125	0.6040000000000001	0.68125	0.7423076923076923	0.768796992481203	0.8936507936507936	0.99375	0.7339691558441558	0.6200854700854701	0.7083333333333333	0.6286324786324786	0.7444444444444445	0.4724137931034483	0.8829059829059829	0.6283566058002149	0.9178082191780822	0.7255639097744361	0.7942307692307693	0.8140624999999999	0.9689655172413792	0.671875	0.5591397849462365	0.7602739726027398	0.70625	0.65	0.7511737089201878	0.956	0.46135265700483086	0.5714285714285714	0.8308270676691729	0.696	0.6250000000000001	0.9482758620689655	0.9407407407407408	0.6964285714285714	0.8630952380952381	0.5238095238095238
SCGPT-PANCANCER	0.6733755031627372	0.6344827586206897	0.6310975609756098	0.8723214285714286	0.5825875929015623	0.6426315789473684	0.6728076639646279	0.5931034482758621	0.6526980482204363	0.7678571428571428	0.6074561403508771	0.6859090909090909	0.6788101604278075	0.759433962264151	0.6471698113207547	0.5948538011695906	0.7150537634408602	0.8692699490662139	0.7429993057162694	0.4714285714285714	0.675	0.612	0.6591836734693878	0.8072916666666666	0.7382305194805194	0.6816939890710382	0.8347953216374269	0.16919191919191917	0.6266666666666666	0.7426035502958579	0.6666666666666667	0.7386363636363636	0.5452742894910774	0.774	0.8575268817204301	0.6785714285714286	0.6921850079744816	0.8610038610038611	0.6074025115664243	0.7765432098765432	0.7167318982387475	0.83125	0.5694716242661448	0.6344301765650081	0.6343101343101343	0.7062499999999999	0.6190476190476191	0.34523809523809523	0.8437500000000001	0.546875	0.7511111111111111	0.9570707070707071	0.8153521825396826	0.762554964128674	0.8871951219512195	0.6141304347826086	0.6349431818181819	0.6941176470588235	0.6309523809523809	0.5554699537750385	0.5056818181818182	0.6354166666666667	0.8270348837209301	0.6468023255813954	0.5456989247311828	0.9625	0.884375	0.66	0.7375	0.726923076923077	0.8721804511278196	0.9317460317460318	1.0	0.7039366883116883	0.7252136752136753	0.6916666666666667	0.5645299145299145	0.6814814814814815	0.810344827586207	0.8388888888888889	0.7964554242749732	0.9280821917808219	0.8458646616541353	0.8490384615384615	0.8046875	0.9793103448275862	0.625	0.6424731182795699	0.6849315068493151	0.85	0.9375	0.47730829420970267	0.98	0.5954106280193237	0.5853174603174602	0.6522556390977443	0.45999999999999996	0.3125	0.4448275862068965	0.9518518518518518	0.7619047619047619	0.8333333333333334	0.5178571428571428
ALBERT	0.6124209315698678	0.8586206896551724	0.6890243902439025	0.7984693877551021	0.6214166540269983	0.6950000000000001	0.7503684598378777	0.8137931034482759	0.5907003444316877	0.6607142857142856	0.569078947368421	0.668939393939394	0.5788770053475936	0.7962264150943397	0.6141509433962264	0.5998245614035088	0.6397849462365591	0.6969439728353141	0.6205739412173107	0.6821428571428572	0.8416666666666667	0.52	0.6938775510204082	0.6692708333333333	0.6913555194805195	0.6980874316939891	0.6849415204678362	0.4747474747474747	0.578888888888889	0.7804733727810651	0.8333333333333334	0.8011363636363635	0.721083939193655	0.778	0.9354838709677419	0.6376488095238095	0.6929824561403508	0.8667953667953668	0.5753469927296762	0.6790123456790124	0.5831702544031311	0.675	0.6007827788649707	0.6735152487961477	0.5738705738705738	0.49374999999999997	0.6964285714285714	0.6904761904761905	0.421875	0.275	0.7524444444444445	0.6691919191919192	0.7874503968253967	0.6772737792177737	0.7774390243902439	0.5652173913043478	0.6363636363636364	0.4941176470588235	0.7380952380952381	0.7395993836671804	0.47159090909090906	0.8854166666666666	0.8241279069767442	0.7427325581395349	0.5618279569892473	0.5874999999999999	0.6625000000000001	0.56	0.80625	0.6730769230769231	0.8402255639097744	0.811111111111111	0.98125	0.7637987012987013	0.6448717948717949	0.6638888888888889	0.6773504273504274	0.7814814814814814	0.43103448275862066	0.8799145299145299	0.7620837808807733	0.9434931506849316	0.6936090225563909	0.7365384615384616	0.7109375	0.9620689655172414	0.7395833333333334	0.7956989247311828	0.7328767123287672	0.69375	0.75	0.7120500782472614	0.9640000000000001	0.5277777777777778	0.6031746031746031	0.7142857142857143	0.448	0.49999999999999994	0.7551724137931035	0.7962962962962964	0.7083333333333333	0.898809523809524	0.47023809523809523
FROGS-ARCHS4	0.6666187464059805	0.5103448275862069	0.8338414634146342	0.8839285714285714	0.5439481268011527	0.5751754385964912	0.7371039056742814	0.49655172413793097	0.7485648679678532	0.636904761904762	0.7371162280701754	0.623080808080808	0.7256016042780749	0.8160377358490566	0.7792452830188679	0.5480701754385965	0.543010752688172	0.6235144312393888	0.6537838463318676	0.5892857142857143	0.7055555555555556	0.736	0.5346938775510204	0.7994791666666667	0.6724837662337662	0.7349726775956285	0.6374269005847953	0.6237373737373738	0.6830158730158731	0.5857988165680473	0.578125	0.6946022727272727	0.6830799735624588	0.743	0.7983870967741936	0.7957589285714286	0.7062732589048378	0.6428571428571428	0.7300066093853271	0.6123456790123457	0.7935420743639922	0.6875	0.6952054794520549	0.7060995184590689	0.8058608058608059	0.8374999999999999	0.8333333333333335	0.5654761904761905	0.9114583333333333	0.5796875	0.7236666666666667	0.5505050505050505	0.7434275793650793	0.7426521638509603	0.42835365853658536	0.4347826086956522	0.6534090909090909	0.6676470588235294	0.6964285714285714	0.6510015408320493	0.6306818181818181	0.703125	0.683139534883721	0.5741279069767442	0.5779569892473119	0.93125	0.7046875	0.728	0.90625	0.7230769230769231	0.9849624060150377	0.6984126984126984	0.9	0.7219967532467532	0.5670940170940171	0.3972222222222222	0.6739316239316239	0.3666666666666667	0.6172413793103448	0.805982905982906	0.7451664876476907	0.7465753424657534	0.7105263157894737	0.7769230769230768	0.6890625	0.8206896551724139	0.46354166666666663	0.5053763440860215	0.8339041095890412	0.91875	0.59375	0.619718309859155	0.808	0.78743961352657	0.6865079365079365	0.731203007518797	0.7080000000000001	0.375	0.8793103448275863	0.7592592592592593	0.625	0.9166666666666666	0.5119047619047619
SEQVEC	0.5688614146060955	0.7241379310344828	0.6158536585365854	0.7978316326530612	0.5327241013195814	0.6378070175438597	0.7621591746499632	0.9586206896551723	0.5338691159586683	0.8511904761904762	0.5504385964912282	0.6373232323232324	0.6427139037433155	0.7622641509433962	0.6726415094339623	0.5855555555555555	0.543010752688172	0.5543293718166383	0.6182596621152512	0.7285714285714285	0.8583333333333334	0.508	0.620408163265306	0.5651041666666667	0.6548295454545454	0.6550546448087432	0.5804093567251463	0.3914141414141414	0.6290476190476192	0.7556213017751479	0.6666666666666666	0.6505681818181818	0.6067415730337079	0.533	0.836021505376344	0.7008928571428572	0.6608187134502923	0.8243243243243243	0.6183079973562459	0.7111111111111111	0.5856164383561644	0.75625	0.6159491193737769	0.6012038523274479	0.5332722832722833	0.6749999999999999	0.7202380952380952	0.7202380952380952	0.6927083333333333	0.328125	0.7193333333333334	0.6944444444444444	0.7733134920634921	0.6545938440175885	0.8689024390243902	0.5380434782608696	0.5852272727272727	0.5696078431372549	0.6547619047619048	0.7057010785824345	0.5681818181818181	0.8958333333333334	0.8444767441860466	0.7645348837209303	0.6612903225806451	0.71875	0.690625	0.572	0.8	0.6653846153846154	0.7669172932330827	0.8492063492063492	0.94375	0.710836038961039	0.6982905982905983	0.6749999999999999	0.5064102564102564	0.6888888888888888	0.7310344827586207	0.8735042735042736	0.6058002148227711	0.7945205479452055	0.6860902255639098	0.6961538461538461	0.7109375	0.996551724137931	0.7552083333333333	0.7956989247311828	0.648972602739726	0.64375	0.55625	0.6463223787167449	0.9279999999999999	0.6859903381642511	0.6448412698412699	0.6616541353383458	0.56	0.675	0.8827586206896552	0.8222222222222222	0.8809523809523809	0.8392857142857143	0.5535714285714286
ESM2	0.5972541690626798	0.7551724137931034	0.6280487804878049	0.8534438775510204	0.5838389200667374	0.627719298245614	0.718496683861459	0.882758620689655	0.6486796785304247	0.7619047619047619	0.49533991228070173	0.6153535353535353	0.6146390374331551	0.7235849056603773	0.7707547169811321	0.6378362573099415	0.478494623655914	0.5946519524617997	0.6208053691275168	0.7785714285714286	0.6916666666666667	0.588	0.6489795918367347	0.703125	0.6854707792207793	0.8531420765027322	0.5292397660818713	0.37878787878787873	0.72	0.7124260355029586	0.640625	0.7982954545454546	0.5142101784534039	0.662	0.8736559139784946	0.6696428571428572	0.6818181818181818	0.6891891891891891	0.6216126900198282	0.7493827160493827	0.5577299412915852	0.6625000000000001	0.5616438356164383	0.6307383627608346	0.6382783882783882	0.8875	0.7142857142857143	0.5059523809523809	0.5416666666666667	0.3734375	0.7255555555555555	0.5606060606060606	0.7982390873015872	0.7127979634343901	0.7621951219512195	0.6358695652173912	0.5071022727272727	0.5529411764705883	0.5773809523809523	0.7372881355932204	0.5284090909090909	0.7760416666666666	0.8546511627906976	0.8343023255813953	0.75	0.6	0.6531250000000001	0.676	0.79375	0.6576923076923077	0.6409774436090225	0.9253968253968254	1.0	0.7386363636363636	0.5884615384615385	0.6749999999999999	0.5158119658119658	0.7444444444444446	0.5758620689655173	0.7978632478632478	0.6519871106337272	0.9143835616438356	0.763157894736842	0.6923076923076923	0.7984375	0.8896551724137931	0.7708333333333334	0.728494623655914	0.797945205479452	0.60625	0.675	0.807511737089202	0.988	0.6159420289855072	0.5119047619047619	0.7518796992481203	0.496	0.5875	0.5172413793103449	0.9444444444444444	0.8690476190476191	0.9166666666666666	0.5119047619047619
GENE2VEC	0.5933007475560667	0.696551724137931	0.7439024390243902	0.8520408163265306	0.5164947671773092	0.5125438596491227	0.6787030213706706	0.4482758620689655	0.6544202066590126	0.6666666666666666	0.7669956140350876	0.6238888888888889	0.732620320855615	0.8471698113207548	0.9216981132075472	0.5832748538011696	0.7956989247311829	0.5971986417657046	0.603563989817172	0.675	0.6499999999999999	0.4640000000000001	0.7061224489795918	0.8723958333333334	0.7327516233766234	0.7971311475409837	0.570906432748538	0.46212121212121215	0.6698412698412699	0.5579881656804734	0.5989583333333334	0.6690340909090909	0.47620621282220754	0.781	0.7204301075268817	0.7388392857142857	0.6049973418394471	0.7934362934362933	0.7161269001982815	0.7222222222222222	0.5601761252446185	0.8500000000000001	0.5352250489236791	0.6111556982343499	0.6697191697191698	0.65625	0.8095238095238096	0.3988095238095238	0.8645833333333334	0.5828125	0.6535555555555556	0.7171717171717172	0.6868799603174603	0.6302939134459615	0.8445121951219512	0.6141304347826086	0.6931818181818182	0.39803921568627454	0.7380952380952381	0.677195685670262	0.43749999999999994	0.359375	0.8662790697674418	0.5973837209302326	0.45161290322580644	0.875	0.8046875	0.652	0.85625	0.8115384615384615	0.9586466165413533	0.8412698412698412	0.85	0.6128246753246753	0.5696581196581196	0.6055555555555556	0.6423076923076924	0.7111111111111111	0.6862068965517243	0.794017094017094	0.6562835660580021	0.7328767123287672	0.6428571428571428	0.6336538461538462	0.7703125000000001	0.9827586206896551	0.5182291666666667	0.717741935483871	0.4041095890410959	0.7125	0.5	0.460093896713615	0.988	0.7524154589371981	0.5099206349206349	0.612781954887218	0.652	0.725	0.8620689655172413	0.788888888888889	0.6071428571428571	0.6607142857142857	0.5595238095238095
TCGA-EMBEDDING	0.6221247843588269	0.6241379310344828	0.8185975609756098	0.8209183673469388	0.5791369634460791	0.5702631578947368	0.6615696389093588	0.603448275862069	0.8553386911595867	0.6964285714285714	0.6282894736842105	0.6246969696969696	0.6112967914438503	0.7226415094339622	0.8339622641509434	0.5618713450292397	0.7553763440860215	0.5980475382003396	0.5558898403147421	0.6892857142857143	0.7194444444444446	0.808	0.6061224489795919	0.7760416666666667	0.6333198051948052	0.58948087431694	0.638888888888889	0.5681818181818181	0.6190476190476191	0.5715976331360947	0.546875	0.6690340909090908	0.5261070720423	0.659	0.760752688172043	0.7987351190476191	0.6820839978734715	0.8146718146718146	0.7987442167878388	0.7716049382716049	0.6565557729941291	0.7749999999999999	0.5146771037181996	0.6114767255216693	0.6691086691086691	0.625	0.8809523809523809	0.47619047619047616	0.7239583333333333	0.628125	0.6322222222222222	0.6792929292929293	0.6400049603174602	0.6654709557972691	0.7515243902439025	0.5163043478260869	0.6519886363636364	0.4509803921568627	0.7202380952380951	0.6371340523882897	0.5568181818181819	0.21354166666666666	0.8561046511627906	0.6715116279069768	0.4086021505376344	0.9125	0.7578125	0.78	0.8187499999999999	0.7307692307692308	0.7875939849624061	0.8873015873015873	0.9812500000000001	0.6607142857142857	0.5978632478632478	0.45555555555555555	0.5521367521367522	0.4518518518518519	0.6862068965517242	0.5837606837606838	0.6726638023630505	0.7808219178082192	0.868421052631579	0.7769230769230769	0.8484375000000001	0.8310344827586207	0.6875	0.7123655913978495	0.7226027397260274	0.6	0.7000000000000001	0.6651017214397497	0.848	0.7113526570048309	0.6369047619047619	0.5601503759398496	0.6639999999999999	0.53125	0.7827586206896552	0.8814814814814815	0.43452380952380953	0.7380952380952381	0.4523809523809524
XLNET	0.5820155261644624	0.7137931034482758	0.47408536585365857	0.7767857142857143	0.5389048991354467	0.6590350877192982	0.809322033898305	0.7586206896551724	0.560849598163031	0.6726190476190477	0.6184210526315789	0.6148484848484849	0.6661096256684492	0.7679245283018868	0.709433962264151	0.5924561403508772	0.5564516129032258	0.5305602716468591	0.58759546401296	0.7035714285714285	0.6861111111111111	0.684	0.6122448979591837	0.5364583333333333	0.669237012987013	0.523224043715847	0.5701754385964912	0.5075757575757576	0.5728571428571428	0.8189349112426035	0.8437500000000001	0.8622159090909092	0.7078651685393258	0.6629999999999999	0.8629032258064515	0.7023809523809524	0.7078681552365762	0.7567567567567568	0.6133509583608724	0.6283950617283951	0.452054794520548	0.71875	0.5738747553816046	0.6513643659711076	0.5256410256410257	0.81875	0.7202380952380952	0.7797619047619048	0.7708333333333333	0.4046875	0.756	0.5909090909090909	0.7362351190476191	0.6819023374218931	0.8567073170731707	0.43478260869565216	0.45170454545454547	0.4225490196078432	0.7321428571428571	0.761171032357473	0.5795454545454546	0.7395833333333334	0.8619186046511627	0.7180232558139535	0.586021505376344	0.89375	0.5734375	0.56	0.65625	0.8115384615384615	0.8270676691729323	0.9079365079365078	0.94375	0.6446834415584415	0.5632478632478632	0.6805555555555556	0.44188034188034186	0.8333333333333334	0.7586206896551725	0.8128205128205128	0.5571965628356605	0.8681506849315068	0.7481203007518797	0.6625	0.7328125000000001	0.9551724137931034	0.6796875	0.6209677419354839	0.6541095890410958	0.53125	0.5249999999999999	0.6306729264475743	0.9159999999999999	0.4384057971014493	0.6051587301587302	0.644736842105263	0.5	0.49375	0.7896551724137931	0.9259259259259259	0.7083333333333334	0.8392857142857144	0.47619047619047616
BERT-PFAM	0.5628234617596319	0.7068965517241379	0.538109756097561	0.7339285714285715	0.536478082815107	0.599122807017544	0.7988209285187914	0.9448275862068966	0.6831228473019518	0.8154761904761905	0.5808662280701754	0.6057575757575757	0.516042780748663	0.6415094339622641	0.6018867924528303	0.5987719298245615	0.8279569892473119	0.4792020373514432	0.5624855357556122	0.6964285714285714	0.6472222222222221	0.56	0.5693877551020408	0.5703125	0.6974431818181818	0.6577868852459016	0.5380116959064327	0.5328282828282829	0.6257142857142858	0.5556213017751479	0.8125000000000001	0.671875	0.6741573033707865	0.6839999999999999	0.8360215053763441	0.6383928571428572	0.6467304625199362	0.8416988416988416	0.549239920687376	0.5716049382716049	0.5919765166340508	0.64375	0.7304305283757339	0.5827447833065811	0.5463980463980463	0.8	0.6726190476190477	0.5059523809523809	0.765625	0.35	0.6675555555555556	0.48989898989898994	0.7144097222222221	0.5768340661883824	0.7545731707317074	0.75	0.45738636363636365	0.4598039215686275	0.6309523809523809	0.5855161787365177	0.6875	0.7291666666666667	0.7441860465116279	0.8502906976744187	0.5940860215053764	0.725	0.7	0.552	0.7125	0.5461538461538461	0.8270676691729323	0.9317460317460317	0.85625	0.7544642857142857	0.6542735042735043	0.6	0.48034188034188036	0.7851851851851852	0.6448275862068966	0.811965811965812	0.5921052631578947	0.8595890410958904	0.5601503759398496	0.7413461538461539	0.6640625	0.9724137931034482	0.7708333333333333	0.7634408602150538	0.6027397260273972	0.6812499999999999	0.6812499999999999	0.6244131455399061	0.92	0.5446859903381642	0.6706349206349207	0.7951127819548872	0.5519999999999999	0.7187500000000001	0.710344827586207	0.8962962962962964	0.7857142857142857	0.9702380952380952	0.45833333333333337
BERT-BFD	0.5838844163312249	0.8034482758620691	0.6280487804878049	0.7664540816326532	0.5750796299105112	0.617719298245614	0.7479734708916729	0.7206896551724138	0.5034443168771527	0.6190476190476191	0.6011513157894737	0.6154545454545454	0.6046122994652406	0.5009433962264151	0.7415094339622642	0.615204678362573	0.6129032258064515	0.5755517826825127	0.6603795417727378	0.7607142857142857	0.6944444444444443	0.528	0.6469387755102041	0.7135416666666666	0.6966314935064936	0.6577868852459017	0.4583333333333333	0.40404040404040403	0.6484126984126984	0.7627218934911242	0.7916666666666667	0.8380681818181819	0.6450760079312623	0.764	0.9435483870967742	0.640625	0.6204146730462521	0.667953667953668	0.4993390614672836	0.7382716049382717	0.6203522504892368	0.6	0.6012720156555773	0.6117174959871589	0.5280830280830281	0.8625	0.7380952380952381	0.5773809523809524	0.4479166666666667	0.3890625	0.7084444444444444	0.6414141414141413	0.7234623015873016	0.6306410553112705	0.6295731707317074	0.5597826086956522	0.5738636363636364	0.6264705882352941	0.6071428571428571	0.5685670261941448	0.4375	0.6979166666666665	0.8386627906976744	0.8517441860465115	0.5887096774193548	0.80625	0.609375	0.556	0.6625	0.523076923076923	0.7161654135338346	0.9492063492063492	0.875	0.7059659090909091	0.6316239316239316	0.6555555555555556	0.49700854700854696	0.562962962962963	0.32758620689655177	0.8235042735042735	0.6498388829215896	0.8732876712328768	0.7706766917293234	0.7086538461538461	0.7578125	0.903448275862069	0.7109375	0.6236559139784946	0.7705479452054795	0.5125	0.7250000000000001	0.6541471048513302	0.9560000000000001	0.538647342995169	0.611111111111111	0.6992481203007519	0.6880000000000001	0.6937500000000001	0.7068965517241379	0.8666666666666667	0.7678571428571429	0.8214285714285714	0.5357142857142857
UNIREP	0.6062392179413456	0.7413793103448276	0.646341463414634	0.7812500000000001	0.547664189291673	0.6093859649122807	0.7498157700810613	0.8275862068965518	0.7336394948335248	0.7202380952380952	0.4676535087719298	0.6704545454545454	0.5912433155080213	0.47735849056603774	0.5669811320754717	0.63	0.3924731182795698	0.48089983022071303	0.48484147188150895	0.6428571428571429	0.6861111111111111	0.54	0.6857142857142857	0.5572916666666667	0.5708198051948052	0.7110655737704917	0.5570175438596492	0.5454545454545454	0.6266666666666667	0.7177514792899409	0.46875	0.6903409090909091	0.650363516192994	0.499	0.685483870967742	0.6588541666666667	0.6706539074960128	0.6583011583011582	0.5588235294117647	0.6506172839506172	0.4368884540117417	0.675	0.6179060665362035	0.6345104333868379	0.4511599511599512	0.46249999999999997	0.9464285714285714	0.375	0.6614583333333334	0.55625	0.6636666666666667	0.5378787878787878	0.7005208333333334	0.5938440175885211	0.8826219512195121	0.5489130434782608	0.6136363636363636	0.6254901960784314	0.5357142857142857	0.6363636363636364	0.6590909090909091	0.8125000000000001	0.7965116279069768	0.7674418604651163	0.7419354838709677	0.73125	0.5203125	0.6639999999999999	0.45	0.7692307692307693	0.8421052631578947	0.8492063492063493	0.9125	0.6568587662337663	0.49914529914529904	0.425	0.5376068376068376	0.5444444444444445	0.7379310344827587	0.7166666666666667	0.5238990332975295	0.8253424657534246	0.42669172932330823	0.8278846153846153	0.5687500000000001	0.9586206896551724	0.6145833333333333	0.7311827956989246	0.7294520547945206	0.76875	0.51875	0.6400625978090767	0.916	0.40821256038647347	0.6309523809523809	0.7330827067669173	0.304	0.7625	0.4655172413793104	0.8185185185185184	0.7023809523809523	0.738095238095238	0.5535714285714286
LEARNED-VEC	0.5835968947671076	0.7896551724137932	0.38871951219512196	0.7024234693877551	0.5651448505991202	0.5692105263157895	0.7315770081061165	0.8724137931034482	0.5786452353616534	0.7916666666666666	0.5095942982456141	0.5742424242424242	0.5738636363636364	0.6764150943396227	0.7084905660377359	0.5722222222222223	0.5860215053763441	0.5318336162988115	0.618838231890766	0.7535714285714286	0.8583333333333334	0.8760000000000001	0.5326530612244897	0.6328125	0.6288555194805194	0.5587431693989071	0.5789473684210527	0.36363636363636365	0.5306349206349206	0.6775147928994083	0.6458333333333334	0.6619318181818182	0.5631196298744217	0.552	0.7311827956989246	0.5323660714285714	0.6371610845295056	0.4922779922779923	0.5138797091870456	0.4765432098765432	0.49461839530332674	0.59375	0.6516634050880628	0.5579454253611557	0.6962759462759462	0.325	0.744047619047619	0.625	0.5885416666666666	0.3375	0.6333333333333334	0.6818181818181819	0.7338789682539683	0.5148113862531821	0.7286585365853658	0.5543478260869565	0.28125	0.3803921568627451	0.3630952380952381	0.5084745762711864	0.5397727272727273	0.6302083333333333	0.8008720930232558	0.7616279069767442	0.6720430107526882	0.8125	0.6062500000000001	0.528	0.59375	0.7153846153846155	0.7124060150375939	0.9142857142857143	0.8937499999999999	0.7226055194805195	0.6478632478632479	0.7972222222222222	0.5017094017094017	0.7814814814814816	0.6275862068965516	0.7923076923076924	0.5741138560687433	0.8835616438356164	0.6221804511278195	0.7201923076923078	0.7640625	0.9137931034482758	0.6822916666666667	0.7876344086021505	0.4554794520547945	0.42499999999999993	0.3625	0.539906103286385	0.912	0.4722222222222222	0.4246031746031746	0.8176691729323308	0.5640000000000001	0.7	0.7655172413793103	0.6370370370370371	0.7142857142857143	0.8571428571428571	0.5059523809523809
AAC	0.5246549741230593	0.6827586206896552	0.3597560975609756	0.7456632653061225	0.5232822690732595	0.4884210526315789	0.7328666175386882	0.8517241379310345	0.6595866819747417	0.7321428571428571	0.5419407894736842	0.5762121212121213	0.6032754010695187	0.5990566037735849	0.6443396226415095	0.5623976608187135	0.543010752688172	0.5318336162988115	0.6301781994908585	0.6607142857142857	0.825	0.5720000000000001	0.4326530612244898	0.609375	0.6107954545454546	0.715846994535519	0.5862573099415205	0.46717171717171724	0.5119047619047619	0.6568047337278107	0.6041666666666667	0.5497159090909092	0.6037673496364837	0.602	0.8655913978494625	0.5874255952380952	0.6044657097288676	0.525096525096525	0.4983476536682089	0.5802469135802469	0.36203522504892366	0.51875	0.4995107632093934	0.518298555377207	0.5402930402930403	0.8875	0.7380952380952381	0.6309523809523809	0.828125	0.30937499999999996	0.5742222222222222	0.6085858585858586	0.6708829365079365	0.5830826197639436	0.711890243902439	0.7445652173913044	0.38920454545454547	0.5362745098039216	0.3869047619047619	0.49845916795069334	0.6818181818181818	0.5416666666666666	0.7994186046511629	0.6337209302325582	0.6586021505376344	0.80625	0.5515625	0.4	0.55625	0.8115384615384615	0.7819548872180451	0.8984126984126983	0.61875	0.7132711038961038	0.6384615384615384	0.6694444444444445	0.5709401709401709	0.6333333333333334	0.5689655172413793	0.8102564102564103	0.6138560687432868	0.7773972602739726	0.6616541353383458	0.6557692307692308	0.7046874999999999	0.9206896551724137	0.6875	0.7741935483870968	0.4691780821917808	0.6	0.4875	0.5086071987480438	0.928	0.5531400966183575	0.5257936507936508	0.6860902255639098	0.52	0.6687500000000001	0.8379310344827586	0.7592592592592592	0.7321428571428572	0.8452380952380952	0.5833333333333333
PFAM	0.5415828062104657	0.5982758620689654	0.6150914634146342	0.8651147959183675	0.5965607462460185	0.6456140350877192	0.7552505526897568	0.9068965517241379	0.6191159586681975	0.8660714285714286	0.5825109649122806	0.6005808080808082	0.532586898395722	0.7349056603773585	0.5433962264150943	0.5614912280701755	0.49193548387096775	0.5456281833616299	0.5266142096736867	0.6696428571428571	0.8583333333333333	0.7539999999999999	0.6999999999999998	0.43489583333333337	0.6186079545454545	0.4433060109289617	0.5511695906432749	0.6616161616161615	0.6723809523809524	0.6751479289940828	0.6979166666666666	0.7109375	0.5489094514210178	0.647	0.6881720430107526	0.7589285714285715	0.7307283359914939	0.7133204633204633	0.7141440846001321	0.5351851851851852	0.5525929549902153	0.875	0.6477495107632093	0.6151685393258428	0.5644078144078144	0.4125	0.37797619047619047	0.636904761904762	0.546875	0.3171875	0.4732777777777778	0.4861111111111111	0.6165054563492063	0.5107613978245776	0.7164634146341463	0.608695652173913	0.7109375	0.578921568627451	0.6726190476190477	0.7731124807395994	0.5767045454545454	0.796875	0.8757267441860466	0.6671511627906977	0.6115591397849461	0.609375	0.48593749999999997	0.582	0.7031250000000001	0.5634615384615385	0.599624060150376	0.5571428571428572	0.85	0.6212459415584418	0.639957264957265	0.5333333333333333	0.5425213675213675	0.3851851851851852	0.5189655172413794	0.7978632478632479	0.5315520945220193	0.8553082191780822	0.6268796992481203	0.5927884615384615	0.5953124999999999	0.9310344827586207	0.7552083333333333	0.5497311827956989	0.6258561643835617	0.44375	0.59375	0.715962441314554	0.7300000000000001	0.6243961352657006	0.6011904761904762	0.7236842105263158	0.386	0.328125	0.5551724137931034	0.4814814814814815	0.7351190476190476	0.8869047619047619	0.47023809523809523
CPC-PROT	0.6214059804485337	0.7758620689655172	0.4466463414634146	0.7031887755102041	0.5082663430911574	0.5460526315789473	0.6768607221812821	0.5448275862068965	0.5803673938002296	0.8095238095238095	0.5740131578947368	0.6142424242424243	0.6824866310160428	0.5452830188679245	0.7490566037735849	0.5573684210526316	0.6021505376344086	0.549660441426146	0.6000925711640824	0.6928571428571428	0.7277777777777777	0.704	0.6387755102040816	0.5885416666666667	0.6611201298701299	0.6420765027322404	0.5562865497076024	0.5303030303030303	0.5163492063492063	0.598224852071006	0.4635416666666667	0.5696022727272727	0.7078651685393258	0.682	0.8978494623655914	0.6082589285714285	0.6100478468899522	0.7007722007722008	0.47124917382683407	0.6481481481481481	0.5176125244618396	0.3875	0.5821917808219178	0.5039325842696629	0.5439560439560439	0.8562500000000001	0.7261904761904762	0.5773809523809524	0.35416666666666663	0.33125000000000004	0.5851111111111111	0.5227272727272727	0.6870039682539683	0.5852811849109003	0.7682926829268293	0.7228260869565217	0.31392045454545453	0.5294117647058824	0.34523809523809523	0.514637904468413	0.5	0.5677083333333334	0.686046511627907	0.748546511627907	0.696236559139785	0.49374999999999997	0.6203125	0.696	0.5375	0.8038461538461539	0.6127819548872181	0.7698412698412699	0.7	0.7177353896103896	0.5440170940170941	0.7722222222222221	0.4534188034188035	0.725925925925926	0.4758620689655173	0.7799145299145299	0.5776047261009667	0.8561643835616439	0.6541353383458646	0.6605769230769231	0.7203124999999999	0.9517241379310344	0.7265625	0.7983870967741935	0.4383561643835617	0.5062500000000001	0.68125	0.5289514866979655	0.88	0.42391304347826086	0.5079365079365079	0.6597744360902256	0.544	0.71875	0.7068965517241379	0.7851851851851852	0.8869047619047619	0.7797619047619049	0.6488095238095238
HMMER	0.6000215641173088	0.9103448275862068	0.44435975609756095	0.7885204081632654	0.5611823145760656	0.5706140350877194	0.7066138540899042	0.46551724137931033	0.5528128587830081	0.6517857142857143	0.5189144736842105	0.5738383838383838	0.6122994652406417	0.6707547169811321	0.6056603773584905	0.5726315789473684	0.4274193548387097	0.533106960950764	0.6534945614441102	0.6535714285714286	0.7555555555555556	0.6880000000000001	0.5346938775510204	0.6432291666666667	0.6773538961038961	0.5846994535519126	0.6008771929824561	0.553030303030303	0.597063492063492	0.5195266272189349	0.7239583333333334	0.6590909090909091	0.5300727032385988	0.7485	0.6747311827956989	0.6889880952380952	0.6776980329611908	0.7065637065637065	0.7012557832121612	0.6401234567901234	0.538160469667319	0.80625	0.5680039138943248	0.6801765650080256	0.5686813186813188	0.35625	0.37202380952380953	0.6428571428571428	0.84375	0.346875	0.6328333333333334	0.5454545454545454	0.6672247023809524	0.6084239759314973	0.6989329268292683	0.6358695652173912	0.7670454545454546	0.5362745098039216	0.375	0.7303543913713405	0.7670454545454545	0.5885416666666666	0.8313953488372093	0.7122093023255814	0.5873655913978495	0.74375	0.6703125	0.56	0.75625	0.6692307692307693	0.6109022556390977	0.7055555555555556	0.76875	0.6714691558441559	0.4982905982905983	0.4083333333333333	0.47393162393162397	0.4444444444444445	0.7482758620689656	0.8568376068376069	0.5319548872180451	0.738013698630137	0.7030075187969924	0.65625	0.4890625	0.7551724137931035	0.7682291666666667	0.5698924731182795	0.7465753424657534	0.5812499999999999	0.58125	0.5477308294209702	0.736	0.37560386473429946	0.48809523809523814	0.4473684210526316	0.47600000000000003	0.6125	0.5310344827586206	0.8851851851851853	0.8809523809523809	0.7738095238095238	0.5119047619047619
KSEP	0.6051610120759058	0.5931034482758621	0.6204268292682927	0.7369897959183673	0.5558167753678143	0.6367543859649123	0.7903463522476051	0.506896551724138	0.5861079219288174	0.5833333333333333	0.5101425438596491	0.6278787878787878	0.5939171122994652	0.5679245283018868	0.6367924528301887	0.5946783625730995	0.5134408602150538	0.4770797962648557	0.5974311501967137	0.5678571428571428	0.6611111111111111	0.66	0.6755102040816325	0.6041666666666667	0.6473214285714286	0.6782786885245902	0.5365497076023392	0.33838383838383834	0.5726984126984127	0.7668639053254439	0.7239583333333333	0.7528409090909091	0.6801057501652347	0.619	0.6881720430107527	0.677827380952381	0.6156299840510366	0.5752895752895753	0.5611368142762723	0.7061728395061728	0.38943248532289626	0.54375	0.40606653620352257	0.6345104333868378	0.4981684981684982	0.5	0.6904761904761905	0.47619047619047616	0.7135416666666667	0.425	0.5865555555555555	0.45707070707070707	0.7217261904761905	0.5702383707475122	0.6707317073170732	0.516304347826087	0.6392045454545454	0.55	0.6666666666666667	0.6679506933744221	0.5852272727272727	0.8489583333333334	0.7819767441860466	0.7441860465116279	0.5860215053763441	0.66875	0.590625	0.884	0.75625	0.7346153846153847	0.5902255639097744	0.873015873015873	0.325	0.6359577922077922	0.532051282051282	0.5111111111111111	0.576923076923077	0.7111111111111111	0.6413793103448276	0.676923076923077	0.621374865735768	0.8167808219178082	0.5507518796992481	0.6807692307692308	0.63125	0.9310344827586207	0.7083333333333333	0.6397849462365591	0.5547945205479452	0.7	0.45	0.704225352112676	0.984	0.4468599033816425	0.39880952380952384	0.599624060150376	0.556	0.63125	0.6275862068965518	0.7444444444444445	0.6428571428571428	0.7380952380952382	0.4880952380952381
BLAST	0.4723260494537091	0.7000000000000001	0.555640243902439	0.7499362244897959	0.5606704080084939	0.6047368421052632	0.6847826086956521	0.3689655172413793	0.7304822043628014	0.6101190476190476	0.6569353070175439	0.6079040404040403	0.5822192513368984	0.5179245283018867	0.7566037735849056	0.5714912280701755	0.5967741935483871	0.550509337860781	0.6141518167090952	0.5571428571428572	0.6805555555555556	0.592	0.5673469387755102	0.3828125	0.5330762987012987	0.47062841530054644	0.5833333333333333	0.4595959595959596	0.6574603174603174	0.6071005917159763	0.5885416666666667	0.6250000000000001	0.6262392597488433	0.62	0.4637096774193548	0.7183779761904762	0.6414141414141414	0.6766409266409266	0.6270654329147389	0.6185185185185185	0.655577299412916	0.7250000000000001	0.5195694716242661	0.628852327447833	0.5404456654456654	0.41875	0.34523809523809523	0.44047619047619047	0.875	0.2828125	0.5085000000000001	0.4949494949494949	0.7186259920634921	0.5425248785003471	0.788109756097561	0.41304347826086957	0.5426136363636364	0.7882352941176471	0.16666666666666666	0.6937596302003082	0.6875	0.671875	0.6729651162790697	0.6613372093023256	0.7755376344086021	0.55625	0.528125	0.7600000000000001	0.75	0.7153846153846153	0.6268796992481203	0.5761904761904761	0.6	0.5367288961038961	0.5786324786324787	0.5722222222222222	0.5354700854700856	0.5259259259259259	0.4172413793103449	0.838034188034188	0.6705155746509129	0.5924657534246576	0.4849624060150376	0.6009615384615384	0.5734374999999999	0.5413793103448276	0.734375	0.47043010752688164	0.6421232876712328	0.6812499999999999	0.575	0.7417840375586855	0.56	0.6497584541062801	0.7619047619047619	0.6052631578947368	0.5880000000000001	0.475	0.5758620689655172	0.788888888888889	0.7023809523809523	0.7142857142857143	0.31547619047619047
PROTVEC	0.5425531914893618	0.4655172413793104	0.5594512195121951	0.7131377551020408	0.5214242378279994	0.6361403508771929	0.7356300663227708	0.306896551724138	0.6526980482204363	0.4761904761904762	0.5518092105263158	0.5654545454545454	0.622326203208556	0.4	0.7537735849056604	0.5905847953216373	0.521505376344086	0.4626485568760611	0.6375838926174496	0.5607142857142857	0.6638888888888889	0.64	0.5795918367346938	0.5104166666666666	0.6101866883116883	0.64275956284153	0.5650584795321638	0.3863636363636363	0.5319047619047619	0.6059171597633136	0.5520833333333333	0.5752840909090909	0.5869134170522141	0.6499999999999999	0.6908602150537635	0.5651041666666667	0.6544391281233386	0.7027027027027026	0.49008592200925316	0.5777777777777777	0.452054794520548	0.425	0.5826810176125246	0.5441412520064206	0.37606837606837606	0.625	0.6488095238095237	0.43452380952380953	0.6666666666666667	0.24062499999999998	0.5554444444444444	0.6212121212121212	0.7145337301587301	0.5328627632492479	0.3582317073170732	0.4891304347826087	0.5497159090909091	0.5401960784313726	0.12500000000000003	0.5238828967642527	0.5056818181818181	0.8281250000000001	0.8023255813953488	0.6933139534883721	0.5161290322580645	0.71875	0.578125	0.42800000000000005	0.54375	0.46923076923076923	0.7161654135338346	0.7492063492063491	0.29374999999999996	0.7228084415584416	0.547008547008547	0.5694444444444444	0.43803418803418803	0.7962962962962964	0.6689655172413793	0.6978632478632478	0.5652524167561761	0.9092465753424658	0.5883458646616541	0.6894230769230769	0.684375	0.896551724137931	0.84375	0.771505376344086	0.4863013698630137	0.78125	0.44375	0.5993740219092332	0.9400000000000001	0.41183574879227053	0.5833333333333333	0.7518796992481203	0.608	0.68125	0.6724137931034483	0.7	0.5416666666666667	0.7202380952380952	0.44047619047619047
APAAC	0.5258050603795286	0.693103448275862	0.46646341463414637	0.7067602040816326	0.5358334597300167	0.6047368421052631	0.7015475313190862	0.3586206896551724	0.6848450057405282	0.6726190476190477	0.5836074561403508	0.5540909090909092	0.589572192513369	0.5471698113207547	0.630188679245283	0.5611111111111111	0.5241935483870968	0.43590831918505946	0.5901411710252256	0.5321428571428571	0.6666666666666666	0.52	0.3673469387755101	0.5651041666666667	0.6231737012987013	0.6837431693989071	0.564327485380117	0.48737373737373735	0.45634920634920634	0.6272189349112427	0.3697916666666667	0.7599431818181819	0.7042300066093853	0.5519999999999999	0.6021505376344086	0.49032738095238093	0.6810207336523126	0.6505791505791506	0.4524124256444151	0.5111111111111111	0.4045988258317025	0.45625	0.461839530332681	0.5231942215088282	0.4523809523809524	0.50625	0.7380952380952381	0.5178571428571428	0.71875	0.2390625	0.5375555555555556	0.6186868686868686	0.7239583333333334	0.5222170793797731	0.538109756097561	0.5380434782608696	0.3963068181818182	0.5990196078431372	0.11309523809523811	0.600924499229584	0.5511363636363636	0.875	0.8081395348837209	0.7383720930232558	0.5268817204301075	0.60625	0.590625	0.452	0.5125	0.7576923076923077	0.8703007518796992	0.8603174603174604	0.36875	0.7073863636363636	0.5803418803418803	0.5111111111111111	0.5115384615384615	0.7148148148148148	0.5724137931034483	0.6841880341880342	0.5821697099892589	0.8287671232876712	0.5921052631578947	0.7125000000000001	0.6937500000000001	0.8999999999999999	0.7005208333333334	0.6666666666666667	0.5753424657534246	0.70625	0.45625000000000004	0.5821596244131455	0.9119999999999999	0.3816425120772946	0.6507936507936508	0.6541353383458648	0.56	0.6499999999999999	0.6827586206896552	0.6000000000000001	0.5238095238095238	0.7321428571428572	0.45238095238095244
